team_id,club,team_elo,league,country,last_played,best_player,best_player_elo
42,Arsenal,2127,Premier League,England,2026-05-30,David Raya,2315.5
50,Manchester City,2119,Premier League,England,2026-05-24,Matheus Nunes,2344.9
157,Bayern München,2110,Bundesliga,Germany,2026-05-23,L. Díaz,2247.5
66,Aston Villa,2089,Premier League,England,2026-05-24,O. Watkins,2212.2
529,Barcelona,2054,La Liga,Spain,2026-05-23,Pedri,2365.2
85,Paris Saint Germain,2028,Ligue 1,France,2026-05-30,A. Hakimi,2193.3
51,Brighton,2015,Premier League,England,2026-05-24,F. Kadıoğlu,2164.5
33,Manchester United,2005,Premier League,England,2026-05-24,B. Mbeumo,2098.8
35,Bournemouth,1999,Premier League,England,2026-05-24,M. Senesi,2135.7
40,Liverpool,1989,Premier League,England,2026-05-24,Alisson Becker,2101.9
49,Chelsea,1987,Premier League,England,2026-05-24,B. Badiashile,2136.2
541,Real Madrid,1980,La Liga,Spain,2026-05-23,D. Huijsen,2159.8
228,Sporting CP,1969,Primeira Liga,Portugal,2026-05-24,Gonçalo Inácio,2112.3
55,Brentford,1938,Premier League,England,2026-05-24,C. Kelleher,2027.3
165,Borussia Dortmund,1935,Bundesliga,Germany,2026-05-16,J. Ryerson,2043.2
47,Tottenham,1926,Premier League,England,2026-05-24,C. Gallagher,2020.8
34,Newcastle,1918,Premier League,England,2026-05-24,T. Livramento,2007.2
2929,Al-Ahli Jeddah,1917,Saudi Pro League,Saudi Arabia,2026-04-25,Galeno,2196.0
212,FC Porto,1914,Primeira Liga,Portugal,2026-05-16,Diogo Costa,2277.4
746,Sunderland,1913,Premier League,England,2026-05-24,N. Sadiki,2072.9
197,PSV Eindhoven,1898,Eredivisie,Netherlands,2026-05-17,S. Dest,2100.8
530,Atletico Madrid,1887,La Liga,Spain,2026-05-24,Robin Le Normand,2047.5
63,Leeds,1887,Premier League,England,2026-05-24,I. Meslier,2028.9
65,Nottingham Forest,1879,Premier League,England,2026-05-24,O. Aina,2031.7
36,Fulham,1873,Premier League,England,2026-05-24,S. Berge,2020.8
611,Fenerbahçe,1871,Süper Lig,Turkey,2026-05-17,Ederson,2047.8
168,Bayer Leverkusen,1870,Bundesliga,Germany,2026-05-16,E. Tapsoba,1965.7
2932,Al-Hilal Saudi FC,1865,Saudi Pro League,Saudi Arabia,2026-04-13,T. Hernández,2219.2
45,Everton,1864,Premier League,England,2026-05-24,J. Grealish,2028.0
2938,Al-Ittihad FC,1857,Saudi Pro League,Saudi Arabia,2026-04-17,Muhannad Al Shanqiti,1983.7
569,Club Brugge KV,1845,Pro League,Belgium,2026-05-24,J. Ordoñez,2029.2
173,RB Leipzig,1841,Bundesliga,Germany,2026-05-16,A. Nusa,1983.8
48,West Ham,1840,Premier League,England,2026-05-24,A. Disasi,2009.3
121,Palmeiras,1835,Paulista - A1,Brazil,2026-05-31,A. Giay,1973.0
172,VfB Stuttgart,1833,Bundesliga,Germany,2026-05-23,J. Leweling,1921.4
533,Villarreal,1831,La Liga,Spain,2026-05-24,Logan Costa,1963.9
211,Benfica,1831,Primeira Liga,Portugal,2026-05-16,A. Trubin,1949.7
645,Galatasaray,1831,Süper Lig,Turkey,2026-05-17,V. Osimhen,1988.3
531,Athletic Club,1828,La Liga,Spain,2026-05-23,Nico Williams,2013.8
91,Monaco,1826,Ligue 1,France,2026-05-17,T. Kehrer,1935.8
543,Real Betis,1808,La Liga,Spain,2026-05-23,Natan,1922.1
79,Lille,1808,Ligue 1,France,2026-05-17,T. Meunier,1884.0
496,Juventus,1801,Serie A,Italy,2026-05-24,P. Kalulu,1933.6
167,1899 Hoffenheim,1799,Bundesliga,Germany,2026-05-16,K. Machida,2065.7
895,Como,1796,Serie A,Italy,2026-05-24,J. Butez,2104.4
1393,Union St. Gilloise,1796,Pro League,Belgium,2026-05-24,K. Mac Allister,2041.7
94,Rennes,1789,Ligue 1,France,2026-05-17,L. Brassier,1936.0
596,Zenit,1783,Premier Liga,Russia,2026-05-17,Luiz Henrique,1985.5
160,SC Freiburg,1782,Bundesliga,Germany,2026-05-20,P. Lienhart,1976.1
52,Crystal Palace,1780,Premier League,England,2026-05-27,W. Benítez,1958.5
127,Flamengo,1775,Série A,Brazil,2026-05-30,Léo Pereira,1981.0
57,Ipswich,1774,Championship,England,2026-05-02,A. Matusiwa,1871.5
247,Celtic,1768,Premiership,Scotland,2026-05-16,A. Johnston,1921.9
538,Celta Vigo,1765,La Liga,Spain,2026-05-23,C. Starfelt,1985.0
116,Lens,1765,Ligue 1,France,2026-05-22,M. Sarr,1916.3
41,Southampton,1756,Championship,England,2026-05-12,T. Harwood-Bellis,1899.0
164,FSV Mainz 05,1753,Bundesliga,Germany,2026-05-16,S. Posch,1904.2
499,Atalanta,1752,Serie A,Italy,2026-05-22,O. Kossounou,1954.4
1346,Coventry,1752,Championship,England,2026-05-02,B. Thomas,1874.4
548,Real Sociedad,1751,La Liga,Spain,2026-05-23,Mikel Oyarzabal,1990.6
58,Millwall,1748,Championship,England,2026-05-11,J. Cooper,1896.0
489,AC Milan,1747,Serie A,Italy,2026-05-24,F. Tomori,2038.6
505,Inter,1739,Serie A,Italy,2026-05-23,H. Çalhanoğlu,2073.9
621,FC Krasnodar,1739,Premier Liga,Russia,2026-05-17,Diego Costa,1837.4
553,Olympiakos Piraeus,1739,Super League 1,Greece,2026-05-17,P. Retsos,1849.9
497,AS Roma,1738,Serie A,Italy,2026-05-24,E. Ndicka,2000.0
532,Valencia,1737,La Liga,Spain,2026-05-23,Javi Guerra,1867.6
492,Napoli,1737,Serie A,Italy,2026-05-24,S. Lobotka,2042.1
549,Beşiktaş,1731,Süper Lig,Turkey,2026-05-15,O. Kökçü,1882.1
209,Feyenoord,1730,Eredivisie,Netherlands,2026-05-17,T. Beelen,1986.1
728,Rayo Vallecano,1728,La Liga,Spain,2026-05-27,A. Rațiu,1917.6
80,Lyon,1728,Ligue 1,France,2026-05-17,A. Maitland-Niles,1854.7
81,Marseille,1728,Ligue 1,France,2026-05-17,N. Aguerd,1872.5
727,Osasuna,1725,La Liga,Spain,2026-05-23,Aimar Oroz,1881.4
500,Bologna,1724,Serie A,Italy,2026-05-23,Juan Miranda,1951.6
2870,Shabab Al Ahli Dubai,1723,Pro League,UAE,2026-05-16,Renan,1873.9
575,AEK Athens FC,1719,Super League 1,Greece,2026-05-17,C. Stanković,1941.4
539,Levante,1709,La Liga,Spain,2026-05-23,M. Ryan,1906.3
71,Norwich,1709,Championship,England,2026-05-02,J. Córdoba,1841.9
95,Strasbourg,1706,Ligue 1,France,2026-05-17,V. Barco,1924.6
170,FC Augsburg,1705,Bundesliga,Germany,2026-05-16,F. Dahmen,1813.4
64,Hull City,1703,Championship,England,2026-05-23,C. Hughes,1838.8
169,Eintracht Frankfurt,1700,Bundesliga,Germany,2026-05-16,N. Collins,1853.8
114,Paris FC,1699,Ligue 1,France,2026-05-17,D. Coppola,1869.6
487,Lazio,1695,Serie A,Italy,2026-05-23,Patric,1915.1
998,Trabzonspor,1690,Süper Lig,Turkey,2026-05-22,A. Onana,1974.8
1379,Lincoln,1689,League One,England,2026-05-02,T. Darikwa,1786.0
546,Getafe,1687,La Liga,Spain,2026-05-23,David Soria,1792.9
44,Burnley,1684,Premier League,England,2026-05-24,C. Roberts,1871.0
415,Twente,1684,Eredivisie,Netherlands,2026-05-17,R. Zerrouki,1823.7
194,Ajax,1684,Eredivisie,Netherlands,2026-05-24,O. Zinchenko,1873.0
39,Wolves,1683,Premier League,England,2026-05-24,D. Møller Wolfe,1815.9
3603,Samsunspor,1683,Süper Lig,Turkey,2026-05-16,Ľ. Šatka,1875.2
22234,Milford FC,1677,Premier Soccer League,South Africa,2026-06-06,,
994,Göztepe,1676,Süper Lig,Turkey,2026-05-16,Héliton,1777.5
2287,Club America,1676,Liga MX,Mexico,,L. Malagón,1928.5
564,Başakşehir,1674,Süper Lig,Turkey,2026-05-16,M. Şengezer,1795.2
735,St. Truiden,1674,Pro League,Belgium,2026-05-24,S. Taniguchi,1839.9
536,Sevilla,1672,La Liga,Spain,2026-05-23,Ø. Nyland,1860.8
619,PAOK,1672,Super League 1,Greece,2026-05-17,G. Taylor,1823.9
798,Mallorca,1671,La Liga,Spain,2026-05-23,V. Muriqi,1797.4
182,Union Berlin,1670,Bundesliga,Germany,2026-05-16,D. Doekhi,1784.7
70,Middlesbrough,1670,Championship,England,2026-05-23,H. Hackney,1758.6
69,Derby,1670,Championship,England,2026-05-02,M. Clarke,1816.1
2895,Al Sadd,1669,Stars League,Qatar,2026-04-27,Rafa Mujica,1835.8
217,SC Braga,1662,Primeira Liga,Portugal,2026-05-16,G. Lagerbielke,1883.9
502,Fiorentina,1661,Serie A,Italy,2026-05-22,M. Solomon,1803.5
54,Birmingham,1661,Championship,England,2026-05-02,B. Osayi-Samuel,1801.9
175,Hamburger SV,1660,Bundesliga,Germany,2026-05-16,Fábio Vieira,1761.1
2282,Monterrey,1660,Liga MX,Mexico,,A. Martial,1747.1
794,RB Bragantino,1660,Paulista - A1,Brazil,2026-05-31,Vanderlan,1792.2
126,Sao Paulo,1660,Paulista - A1,Brazil,2026-05-31,Wendell,1890.7
131,Corinthians,1657,Paulista - A1,Brazil,2026-05-30,Hugo Souza,1756.8
84,Nice,1655,Ligue 1,France,2026-05-29,Y. Ndayishimiye,1849.7
512,Frosinone,1655,Serie B,Italy,2026-05-08,G. Calò,1809.5
9568,Inter Miami,1655,MLS,USA,2026-05-24,Micael,1875.2
290,Kashima,1654,J1 League,Japan,2026-06-06,T. Hayakawa,1825.8
162,Werder Bremen,1650,Bundesliga,Germany,2026-05-16,V. Boniface,1915.1
96,Toulouse,1649,Ligue 1,France,2026-05-10,C. Cresswell,1814.7
174,FC Schalke 04,1645,2. Bundesliga,Germany,2026-05-17,T. Becker,1760.1
207,Utrecht,1642,Eredivisie,Netherlands,2026-05-24,S. El Karouani,1722.5
558,Spartak Moscow,1641,Premier Liga,Russia,2026-05-17,A. Djiku,1791.3
547,Girona,1639,La Liga,Spain,2026-05-23,M. ter Stegen,2009.4
161,VfL Wolfsburg,1638,Bundesliga,Germany,2026-05-25,J. Mæhle,1776.3
201,AZ Alkmaar,1637,Eredivisie,Netherlands,2026-05-17,T. Parrott,1753.2
2279,Tigres UANL,1635,Liga MX,Mexico,,J. Brunetta,1754.0
2939,Al-Nassr,1634,Saudi Pro League,Saudi Arabia,2026-05-16,K. Coman,2039.8
2295,Cruz Azul,1634,Liga MX,Mexico,,C. Rodríguez,1919.0
617,Panathinaikos,1634,Super League 1,Greece,2026-05-17,D. Calabria,1860.7
540,Espanyol,1633,La Liga,Spain,2026-05-23,O. El Hilali,1813.5
651,Ferencvarosi TC,1633,NB I,Hungary,2026-05-16,G. Kanichowsky,1800.6
76,Swansea,1627,Championship,England,2026-05-02,C. Burgess,1751.3
303,Machida Zelvia,1617,J1 League,Japan,2026-06-06,K. Tani,1777.0
2281,Toluca,1613,Liga MX,Mexico,,M. Ruiz,1993.7
550,Shakhtar Donetsk,1613,Premier League,Ukraine,2026-05-21,M. Matvienko,1846.5
124,Fluminense,1611,Série A,Brazil,2026-05-31,Martinelli,1819.3
1357,Plymouth,1607,League One,England,2026-05-02,A. Mitchell,1727.6
413,NEC Nijmegen,1605,Eredivisie,Netherlands,2026-05-17,A. Kaplan,1740.5
2904,Al-Duhail SC,1605,Stars League,Qatar,2026-04-27,Tuta,1896.5
517,Venezia,1604,Serie B,Italy,2026-05-08,G. Busio,1692.1
1374,Mansfield Town,1603,League One,England,2026-05-02,L. Roberts,1763.0
1007,Rizespor,1602,Süper Lig,Turkey,2026-05-15,S. Akaydin,1764.6
607,Konyaspor,1602,Süper Lig,Turkey,2026-05-22,B. Kutlu,1818.5
257,Rangers,1601,Premiership,Scotland,2026-05-16,J. Souttar,1743.9
163,Borussia Mönchengladbach,1600,Bundesliga,Germany,2026-05-16,J. Scally,1736.5
397,FC Midtjylland,1599,Superliga,Denmark,2026-05-17,Cho Gue-Sung,1772.4
435,River Plate,1598,Liga Profesional,Argentina,2026-05-24,A. Moreno,1842.6
210,Heerenveen,1597,Eredivisie,Netherlands,2026-05-21,O. Braude,1708.7
542,Alaves,1595,La Liga,Spain,2026-05-23,N. Tenaglia,1663.0
630,FC Sion,1595,Super League,Switzerland,2026-05-17,K. Hajrizi,1777.4
503,Torino,1594,Serie A,Italy,2026-05-24,A. Masina,1751.8
1579,Monza,1592,Serie B,Italy,2026-05-29,A. Colpani,1733.0
135,Cruzeiro,1591,Série A,Brazil,2026-05-31,Gerson,1836.0
556,Qarabag,1591,Premyer Liqa,Azerbaijan,2026-05-22,Leandro Andrade,1719.7
242,Famalicao,1590,Primeira Liga,Portugal,2026-05-16,Sorriso,1689.0
1088,Dynamo,1590,Premier Liga,Russia,2026-05-17,David Ricardo,1736.6
347,Lech Poznan,1590,Ekstraklasa,Poland,2026-05-23,A. Kozubal,1700.4
1837,Wrexham,1589,Championship,England,2026-05-02,C. Doyle,1639.0
97,Lorient,1588,Ligue 1,France,2026-05-17,M. Talbi,1775.0
254,Heart Of Midlothian,1588,Premiership,Scotland,2026-05-16,S. Findlay,1732.5
797,Elche,1583,La Liga,Spain,2026-05-23,D. Affengruber,1750.0
606,FC Lugano,1583,Super League,Switzerland,2026-05-17,A. Saipi,1690.5
120,Botafogo,1580,Série A,Brazil,2026-05-30,A. Barboza,1817.3
620,Dinamo Zagreb,1579,HNL,Croatia,2026-05-23,D. Livaković,2081.4
46,Leicester,1576,Championship,England,2026-05-02,H. Souttar,1792.6
185,SC Paderborn 07,1574,2. Bundesliga,Germany,2026-05-25,T. Scheller,1706.7
563,Hapoel Beer Sheva,1573,Ligat Ha'al,Israel,2026-05-23,K. Kangwa,1803.6
68,Bolton,1573,League One,England,2026-05-24,G. Johnston,1707.8
494,Udinese,1572,Serie A,Italy,2026-05-24,J. Ekkelenkamp,1811.9
2292,CF Pachuca,1572,Liga MX,Mexico,,,
38,Watford,1571,Championship,England,2026-05-02,E. Bove,1837.1
2286,U.N.A.M. - Pumas,1571,Liga MX,Mexico,,K. Navas,1789.7
2298,FC Juarez,1571,Liga MX,Mexico,,J. Murillo,1823.2
597,Lokomotiv,1571,Premier Liga,Russia,2026-05-17,A. Siljanov,1647.7
637,Sturm Graz,1571,Bundesliga,Austria,2026-05-17,D. Lavalée,1763.7
128,Santos,1570,Paulista - A1,Brazil,2026-05-30,Igor Vinicius,1704.3
2897,Al-Rayyan SC,1570,Stars League,Qatar,2026-04-27,A. Mitrović,1892.9
1359,Luton,1570,League One,England,2026-05-02,I. Jones,1721.9
62,Sheffield Utd,1569,Championship,England,2026-05-02,M. Cooper,1689.8
555,CSKA Moscow,1569,Premier Liga,Russia,2026-05-17,Matheus Reis,1844.6
1616,Los Angeles FC,1569,MLS,USA,2026-05-25,S. Eustáquio,1882.2
1660,SV Elversberg,1569,2. Bundesliga,Germany,2026-05-17,N. Kristof,1677.8
176,VfL Bochum,1568,2. Bundesliga,Germany,2026-05-17,M. Bero,1722.4
180,1. FC Heidenheim,1566,Bundesliga,Germany,2026-05-16,E. Dinkçi,1661.1
106,Stade Brestois 29,1566,Ligue 1,France,2026-05-17,K. Doumbia,1712.9
631,Gent,1565,Pro League,Belgium,2026-05-31,M. Skóraś,1714.6
1603,Vancouver Whitecaps,1565,MLS,USA,2026-05-24,S. Berhalter,1860.8
2278,Guadalajara Chivas,1563,Liga MX,Mexico,,J. Castillo,1849.9
1062,Atletico-MG,1562,Série A,Brazil,2026-05-31,Renan Lodi,1943.4
2288,Necaxa,1561,Liga MX,Mexico,,E. Lara,1728.2
119,Internacional,1561,Série A,Brazil,2026-05-31,S. Rochet,1823.8
604,Maccabi Tel Aviv,1560,Ligat Ha'al,Israel,2026-05-19,O. Davida,1736.1
1026,Lask Linz,1559,Bundesliga,Austria,2026-05-17,A. Andrade,1667.6
2865,Al Ain,1558,Pro League,UAE,2026-05-16,M. Ratnik,1693.5
3402,Omonia Nicosia,1558,1. Division,Cyprus,2026-05-22,R. Mmaee,1685.5
7848,Mirassol,1556,Paulista - A1,Brazil,2026-05-30,João Victor,1696.7
1612,Minnesota United FC,1554,MLS,USA,2026-05-23,D. Callender,1848.3
560,Slavia Praha,1554,Czech Liga,Czech Republic,2026-05-24,T. Holeš,1811.9
2348,Penarol,1554,Primera División - Apertura,Uruguay,2025-06-28,L. Fernández,1712.6
16489,Austin,1552,MLS,USA,2026-05-23,F. Torres,1754.5
130,Gremio,1550,Série A,Brazil,2026-05-30,Weverton,1808.5
43,Cardiff,1550,League One,England,2026-05-02,N. Trott,1663.0
1011,FC ST. Gallen,1550,Super League,Switzerland,2026-05-17,L. Zigi,1663.6
488,Sassuolo,1548,Serie A,Italy,2026-05-24,K. Thorstvedt,1812.4
738,SK Beveren,1548,Challenger Pro League,Belgium,2026-04-17,B. Godeau,1715.9
202,Groningen,1547,Eredivisie,Netherlands,2026-05-21,M. Rente,1647.0
3589,Fatih Karagümrük,1547,Süper Lig,Turkey,2026-05-16,I. Lichnovsky,1722.2
249,Hibernian,1547,Premiership,Scotland,2026-05-16,J. Iredale,1793.6
565,BSC Young Boys,1547,Super League,Switzerland,2026-05-17,J. Hadjam,1658.2
56,Bristol City,1546,Championship,England,2026-05-02,R. Atkinson,1676.1
451,Boca Juniors,1546,Liga Profesional,Argentina,2026-05-09,C. Tevez,1781.3
554,Anderlecht,1544,Pro League,Belgium,2026-05-24,C. Huerta,1708.5
327,Bodo/Glimt,1543,Eliteserien,Norway,2026-05-29,H. Evjen,1958.6
1355,Portsmouth,1542,Championship,England,2026-05-02,A. Dozzell,1703.3
60,West Brom,1540,Championship,England,2026-05-02,N. Phillips,1637.4
598,FK Crvena Zvezda,1540,Super Liga,Serbia,2026-05-22,S. Eraković,1770.6
72,QPR,1539,Championship,England,2026-05-02,R. Kone,1682.9
339,Legia Warszawa,1539,Ekstraklasa,Poland,2026-05-23,J. Elitim,1661.7
192,1. FC Köln,1538,Bundesliga,Germany,2026-05-16,A. Castro-Montes,1812.8
1004,Kasımpaşa,1537,Süper Lig,Turkey,2026-05-17,İ. Kahveci,1762.5
1595,Seattle Sounders,1537,MLS,USA,2026-05-25,A. Roldan,1751.9
186,FC St. Pauli,1536,Bundesliga,Germany,2026-05-16,M. Rasmussen,1742.7
1335,Charlton,1534,Championship,England,2026-05-02,H. Clarke,1685.8
191,Holstein Kiel,1534,2. Bundesliga,Germany,2026-05-17,C. Johansson,1621.8
718,Oviedo,1533,La Liga,Spain,2026-05-23,E. Bailly,1721.6
2242,FC Cincinnati,1531,MLS,USA,2026-05-23,R. Celentano,1843.9
348,Pogon Szczecin,1530,Ekstraklasa,Poland,2026-05-23,A. Szalai,1897.8
9569,Nashville SC,1528,MLS,USA,2026-05-24,J. Palacios,1719.4
1153,Independiente del Valle,1528,Liga Pro,Ecuador,,M. Carabajal,1734.0
522,Palermo,1527,Serie B,Italy,2026-05-20,M. Bani,1695.9
2737,Tractor Sazi,1525,Persian Gulf Pro League,Iran,2026-04-14,A. Beiranvand,1665.6
4360,Celje,1525,1. SNL,Slovenia,2026-05-22,S. Sluga,1736.0
3491,Raków Częstochowa,1523,Ekstraklasa,Poland,2026-05-23,P. Dawidowicz,1659.8
7865,São Bernardo,1522,Paulista - A1,Brazil,2026-06-07,Jemerson,1680.9
108,Auxerre,1521,Ligue 1,France,2026-05-17,S. Diomandé,1666.9
2871,Al-Jazira,1520,Pro League,UAE,2026-05-16,Willyan Rocha,1733.5
867,Lecce,1518,Serie A,Italy,2026-05-24,A. Gallo,1670.2
628,Sparta Praha,1517,Czech Liga,Czech Republic,2026-05-24,P. Vindahl,1746.4
571,Red Bull Salzburg,1517,Bundesliga,Austria,2026-05-17,Z. Junuzović,1777.0
1348,Milton Keynes Dons,1517,League Two,England,2026-05-02,C. Paterson,1595.1
59,Preston,1516,Championship,England,2026-05-02,T. Small,1626.9
1607,Chicago Fire,1516,MLS,USA,2026-05-24,C. Brady,1757.0
166,Hannover 96,1514,2. Bundesliga,Germany,2026-05-17,N. Noll,1626.5
2872,Al-Wasl FC,1513,Pro League,UAE,2026-05-15,Adryelson,1785.4
1123,Aris Thessalonikis,1510,Super League 1,Greece,2026-05-17,G. Athanasiadis,1691.8
632,Universitatea Craiova,1510,Liga I,Romania,2026-05-25,A. Mekvabishvili,1711.5
2402,Gyori ETO FC,1509,NB I,Hungary,2026-05-16,M. Vitális,1611.3
495,Genoa,1508,Serie A,Italy,2026-05-24,J. Bijlow,1892.1
133,Vasco DA Gama,1507,Série A,Brazil,2026-05-31,C. Cuesta,1774.1
6496,Polessya,1507,Premier League,Ukraine,2026-05-24,H. Bushchan,1632.9
762,GIL Vicente,1506,Primeira Liga,Portugal,2026-05-16,G. Konan,1748.4
427,Telstar,1505,Eredivisie,Netherlands,2026-05-17,R. Koeman,1606.8
420,Cambuur,1505,Eerste Divisie,Netherlands,2026-04-24,T. Jansen,1654.7
67,Blackburn,1504,Championship,England,2026-05-02,N. Redmond,1654.0
450,Estudiantes L.P.,1504,Liga Profesional,Argentina,2026-05-10,F. Muslera,1727.7
292,FC Tokyo,1504,J1 League,Japan,2026-06-06,Kim Seung-Gyu,1661.6
181,SV Darmstadt 98,1504,2. Bundesliga,Germany,2026-05-17,K. Klefisch,1598.5
134,Atletico Paranaense,1502,Série A,Brazil,2026-05-30,Santos,1821.6
745,1. FC Kaiserslautern,1501,2. Bundesliga,Germany,2026-05-17,A. Touré,1775.1
256,Motherwell,1500,Premiership,Scotland,2026-05-16,C. Slattery,1603.6
2903,Al-Gharafa,1500,Stars League,Qatar,2026-04-27,Jang Hyun-Soo,1636.0
296,Yokohama F. Marinos,1500,J1 League,Japan,2026-06-06,R. Tsunoda,1673.9
240,Arouca,1499,Primeira Liga,Portugal,2026-05-16,Javi Sánchez,1609.9
1083,Rubin,1498,Premier Liga,Russia,2026-05-17,V. Hodža,1630.1
1604,New York City FC,1498,MLS,USA,2026-05-24,A. Martínez,1722.8
159,Hertha BSC,1498,2. Bundesliga,Germany,2026-05-17,J. Brooks,1775.9
1137,Atletico Nacional,1495,Primera A,Colombia,2026-06-08,D. Ospina,1687.6
473,Independ. Rivadavia,1494,Liga Profesional,Argentina,2026-05-10,Alberto Martín Gómez,1852.9
118,Bahia,1494,Série A,Brazil,2026-05-30,S. Ramos,1718.3
1597,FC Dallas,1493,MLS,USA,2026-05-24,H. Johansson,1731.8
2523,Johor Darul Takzim FC,1491,Super League,Malaysia,2026-05-10,Arif Aiman Hanapi,1710.3
1370,Cambridge United,1489,League Two,England,2026-05-02,K. Watts,1604.1
171,1. FC Nürnberg,1488,2. Bundesliga,Germany,2026-05-17,A. Marhiev,1586.7
6343,Çorum FK,1488,1. Lig,Turkey,2026-05-24,A. Şengül,1562.9
436,Racing Club,1487,Liga Profesional,Argentina,2026-05-13,M. Di Cesare,1712.6
158,Fortuna Düsseldorf,1487,2. Bundesliga,Germany,2026-05-17,C. Lenz,1649.2
4686,Stockport County,1486,League One,England,2026-05-24,C. Addai,1605.8
7402,Esenler Erokspor,1486,1. Lig,Turkey,2026-05-24,F. Nzaba,1617.7
230,Estoril,1485,Primeira Liga,Portugal,2026-05-16,Xeka,1665.8
1596,San Jose Earthquakes,1485,MLS,USA,2026-05-24,T. Werner,1831.3
1613,Columbus Crew,1485,MLS,USA,2026-05-24,M. Farsi,1661.7
508,Bari,1485,Serie B,Italy,2026-05-22,C. Odenthal,1609.0
1600,Houston Dynamo,1484,MLS,USA,2026-05-24,M. Bogusz,1804.7
1356,Blackpool,1482,League One,England,2026-05-02,F. Horsfall,1563.4
3579,Amed,1482,1. Lig,Turkey,2026-05-02,M. Diagne,1594.4
13976,Sabah FA,1482,Premyer Liqa,Azerbaijan,2026-05-22,T. Puchacz,1668.0
997,Gençlerbirliği S.K.,1481,Süper Lig,Turkey,2026-05-17,A. Traoré,1589.0
644,FC Luzern,1481,Super League,Switzerland,2026-05-16,A. Bajrami,1629.9
111,Le Havre,1480,Ligue 1,France,2026-05-17,L. Gourna-Douath,1634.0
1009,Erzurumspor FK,1480,1. Lig,Turkey,2026-05-02,G. Giorbelidze,1616.2
75,Stoke City,1479,Championship,England,2026-05-02,G. Bazunu,1651.3
3403,Pafos,1479,1. Division,Cyprus,2026-05-22,David Goldar,1655.5
1617,Portland Timbers,1478,MLS,USA,2026-05-24,J. Caicedo,1683.8
748,Burton Albion,1477,League One,England,2026-05-02,U. Godwin-Malife,1553.0
20787,St. Louis City,1476,MLS,USA,2026-05-23,D. Edelman,1838.8
83,Nantes,1475,Ligue 1,France,2026-05-08,A. Sylla,1657.8
2905,Al-Arabi SC,1475,Stars League,Qatar,2026-04-27,A. Pérez,1638.8
2184,Servette FC,1475,Super League,Switzerland,2026-05-16,B. Mazikou,1590.9
458,Argentinos JRS,1473,Liga Profesional,Argentina,2026-05-17,L. Lozano,1755.9
445,Huracan,1473,Liga Profesional,Argentina,2026-05-13,Germán Mandarino,1690.7
336,Jagiellonia,1473,Ekstraklasa,Poland,2026-05-23,S. Abramowicz,1553.8
2875,Al Wahda FC,1473,Pro League,UAE,2026-05-16,Jadsom Silva,1721.6
37,Huddersfield,1473,League One,England,2026-05-02,J. Low,1646.2
1350,Peterborough,1472,League One,England,2026-05-02,T. O'Connor,1719.2
438,Velez Sarsfield,1471,Liga Profesional,Argentina,2026-05-11,Á. Montero,1732.8
1373,Leyton Orient,1470,League One,England,2026-05-02,J. Simpson,1600.8
410,GO Ahead Eagles,1469,Eredivisie,Netherlands,2026-05-17,A. Sampsted,1645.2
93,Reims,1469,Ligue 2,France,2026-05-09,M. Daramy,1619.2
1605,Los Angeles Galaxy,1468,MLS,USA,2026-05-24,J. Haak,1738.7
224,Guimaraes,1467,Primeira Liga,Portugal,2026-05-16,João Mendes,1781.8
2762,Jeonbuk Motors,1466,K League 1,South Korea,2026-05-17,Song Bum-Keun,1658.9
1602,New York Red Bulls,1465,MLS,USA,2026-05-24,D. Nealis,1749.0
53,Reading,1465,League One,England,2026-05-02,D. Williams,1597.1
1324,VfL Osnabrück,1465,3. Liga,Germany,2026-05-16,J. Müller,1605.6
759,Viking,1464,Eliteserien,Norway,2026-05-24,P. Christiansen,1780.3
18310,Charlotte,1464,MLS,USA,2026-05-23,L. de la Torre,1704.8
183,Dynamo Dresden,1464,2. Bundesliga,Germany,2026-05-17,Unknown (90698),1657.6
1338,Oxford United,1463,Championship,England,2026-05-02,B. Davies,1663.5
25484,San Diego,1462,MLS,USA,2026-05-24,C. McVey,1836.6
196,Excelsior,1461,Eredivisie,Netherlands,2026-05-17,A. Zagré,1524.7
7411,Kocaelispor,1461,Süper Lig,Turkey,2026-05-17,B. Balogh,1677.0
572,Dynamo Kyiv,1461,Premier League,Ukraine,2026-05-24,Oleksandr Shovkovsky,1658.8
1358,Wycombe,1460,League One,England,2026-05-02,D. Casey,1607.2
747,Barnsley,1460,League One,England,2026-05-02,E. O'Connell,1612.9
287,Urawa,1459,J1 League,Japan,2026-06-06,Danilo Boza,1578.2
4204,Home United,1459,Premier League,Singapore,2026-05-17,Muhammad Fazli bin Ayob,1638.7
205,Fortuna Sittard,1458,Eredivisie,Netherlands,2026-05-17,Iván Márquez,1554.6
1012,FC Thun,1457,Super League,Switzerland,2026-05-17,M. Bürki,1571.8
3588,Eyüpspor,1456,Süper Lig,Turkey,2026-05-17,J. Onguéné,1758.9
1687,Catanzaro,1456,Serie B,Italy,2026-05-29,M. Liberali,1572.3
3583,Bodrum FK,1455,1. Lig,Turkey,2026-05-15,A. Aytemur,1669.8
456,Talleres Cordoba,1454,Liga Profesional,Argentina,2026-05-09,Unknown (6223),2017.7
2900,Al Wakrah,1454,Stars League,Qatar,2026-04-27,Luis Alberto,1640.7
1135,Junior,1454,Primera A,Colombia,2026-06-08,G. Paiva,1622.3
154,Fortaleza EC,1454,Serie B,Brazil,2026-06-09,E. Brítez,1668.2
833,Shanghai Shenhua,1453,Super League,China,2026-05-30,Jiang Shenglong,1646.0
779,FC Rostov,1450,Premier Liga,Russia,2026-05-17,M. Mohebi,1579.2
1608,Atlanta United FC,1450,MLS,USA,2026-05-24,E. Báez,1532.5
1334,Bristol Rovers,1448,League Two,England,2026-05-02,K. Balmer,1617.9
77,Angers,1447,Ligue 1,France,2026-05-17,C. Arcus,1629.0
996,Alanyaspor,1447,Süper Lig,Turkey,2026-05-16,Z. Feddal,1696.3
340,Gornik Zabrze,1447,Ekstraklasa,Poland,2026-05-23,L. Sadílek,1576.2
657,Beitar Jerusalem,1447,Ligat Ha'al,Israel,2026-05-23,B. Carabalí,1569.3
785,Karlsruher SC,1447,2. Bundesliga,Germany,2026-05-17,C. Kobald,1546.1
1844,Salford City,1447,League Two,England,2026-05-25,O. Turton,1496.3
523,Parma,1446,Serie A,Italy,2026-05-24,A. Circati,1720.1
453,Independiente,1446,Liga Profesional,Argentina,2026-05-10,C. Morel,1841.6
147,Coritiba,1446,Série A,Brazil,2026-05-30,Breno Lopes,1706.7
2246,CFR 1907 Cluj,1446,Liga I,Romania,2026-05-22,K. Zouma,1665.7
2916,Al Shamal,1446,Stars League,Qatar,2026-04-27,Mohammed Waad,1672.9
198,ADO Den Haag,1445,Eerste Divisie,Netherlands,2026-04-24,K. Nikiéma,1578.6
2874,Sharjah FC,1444,Pro League,UAE,2026-05-15,M. Marega,1686.6
1354,Doncaster,1444,League One,England,2026-05-02,J. Sterry,1536.0
2323,Universidad de Chile,1444,Primera División,Chile,,G. Castellón,1670.2
1301,Rodez,1444,Ligue 2,France,2026-05-15,Q. Braat,1630.9
426,Sparta Rotterdam,1443,Eredivisie,Netherlands,2026-05-17,P. van Aanholt,1703.4
1079,Krylia Sovetov,1443,Premier Liga,Russia,2026-05-17,N. Chernov,1577.2
614,AEK Larnaca,1443,1. Division,Cyprus,2026-05-22,G. Ekpolo,1609.4
294,Kawasaki Frontale,1442,J1 League,Japan,2026-06-06,Jesiel,1579.7
490,Cagliari,1441,Serie A,Italy,2026-05-24,A. Obert,1795.3
608,HNK Hajduk Split,1441,HNL,Croatia,2026-05-22,Hugo Guillamón,1604.3
1001,Kayserispor,1440,Süper Lig,Turkey,2026-05-17,M. Hosseini,1681.1
1158,LDU de Quito,1440,Liga Pro,Ecuador,,G. Villamíl,1726.5
1615,DC United,1439,MLS,USA,2026-05-23,S. Nealis,1699.8
188,Arminia Bielefeld,1439,2. Bundesliga,Germany,2026-05-17,N. Teixeira,1700.6
5648,Chengdu Better City,1439,Super League,China,2026-05-30,Rômulo,1710.0
2289,Leon,1438,Liga MX,Mexico,,J. Domínguez,1717.2
2283,Atlas,1438,Liga MX,Mexico,,R. Schlegel,1725.2
957,Levadiakos,1438,Super League 1,Greece,2026-05-17,Z. Popovic,1557.9
551,FC Basel 1893,1438,Super League,Switzerland,2026-05-17,Á. Szalai,1656.0
5050,Kifisia,1437,Super League 1,Greece,2026-05-21,L. Amani,1652.4
840,Henan Jianye,1435,Super League,China,2026-05-30,Wang Guoming,1534.6
3454,Olympique Dcheïra,1435,Botola Pro,Morocco,2026-06-08,M. Idar,1634.0
2315,Colo Colo,1434,Primera División,Chile,,S. Rodríguez,1588.9
723,Almeria,1434,Segunda División,Spain,2026-06-09,Rodrigo Ely,1662.7
836,SHANGHAI SIPG,1434,Super League,China,2026-05-29,Jiang Guangtai,1658.2
1614,CF Montreal,1432,MLS,USA,2026-05-23,T. Avilés,1640.9
602,Apollon Limassol,1432,1. Division,Cyprus,2026-05-22,Bruno Gaspar,1669.9
567,Plzen,1431,Czech Liga,Czech Republic,2026-05-24,L. Červ,1544.1
12260,Atromitos,1430,Super League 1,Greece,2026-05-21,Zuela,1542.8
1606,Real Salt Lake,1430,MLS,USA,2026-05-23,L. Engel,1908.9
2766,FC Seoul,1430,K League 1,South Korea,2026-05-16,Song Min-Kyu,1561.1
1343,Bradford,1429,League One,England,2026-05-14,B. Pointon,1539.1
82,Montpellier,1429,Ligue 2,France,2026-05-09,C. Jullien,1648.4
2329,A. Italiano,1428,Primera División,Chile,,G. Guiffrey,1665.6
1832,Bromley,1428,League Two,England,2026-05-02,I. Odutayo,1601.6
179,1. FC Magdeburg,1427,2. Bundesliga,Germany,2026-05-17,D. Reimann,1507.7
4665,Racing Santander,1427,Segunda División,Spain,2026-05-31,Peio Canales,1701.4
195,Willem II,1427,Eerste Divisie,Netherlands,2026-05-20,R. Behounek,1507.0
2280,Club Tijuana,1426,Liga MX,Mexico,,I. Rivero,1682.1
1124,OFI,1426,Super League 1,Greece,2026-05-17,Erol Bulut,1547.5
400,FC Copenhagen,1426,Superliga,Denmark,2026-05-21,Aurélio Buta,1704.3
437,Rosario Central,1425,Liga Profesional,Argentina,2026-05-16,E. Coronel,1754.0
4195,Maccabi Haifa,1425,Ligat Ha'al,Israel,2026-05-23,P. Cornud,1571.3
744,Eintracht Braunschweig,1425,2. Bundesliga,Germany,2026-05-17,R. Krauße,1565.5
2750,Daejeon Citizen,1425,K League 1,South Korea,2026-05-16,Lee Myung-Jae,1543.0
574,Vardar Skopje,1424,First League,Macedonia,2026-05-15,F. Petkovski,1676.0
1345,Chesterfield,1422,League Two,England,2026-05-15,L. Gordon,1541.4
535,Malaga,1421,Segunda División,Spain,2026-06-07,Alfonso Herrero,1719.4
2540,Universitario,1421,Primera División,Peru,,J. Concha,1655.8
3702,Bolívar,1420,Primera División,Bolivia,,C. Lampe,1644.9
1609,New England Revolution,1419,MLS,USA,2026-05-23,M. Turner,1791.4
151,Goias,1419,Serie B,Brazil,2026-05-30,Lucas Ribeiro,1623.4
110,Estac Troyes,1419,Ligue 2,France,2026-05-09,M. Diop,1561.3
178,SpVgg Greuther Fürth,1418,2. Bundesliga,Germany,2026-05-26,N. Gießelmann,1509.7
446,Lanus,1417,Liga Profesional,Argentina,2026-05-10,Diego Francisco Barisone,1753.9
6962,Widzew Łódź,1417,Ekstraklasa,Poland,2026-05-23,O. Bukari,1539.4
544,Deportivo La Coruna,1416,Segunda División,Spain,2026-05-31,Adrià Alti,1670.4
10155,Al Nasr,1415,Pro League,UAE,2026-05-15,H. Seferović,1645.0
601,Austria Vienna,1415,Bundesliga,Austria,2026-05-17,A. Dragović,1524.2
4259,Alemannia Aachen,1415,3. Liga,Germany,2026-05-16,M. Riemann,1625.4
4724,Alverca,1413,Primeira Liga,Portugal,2026-05-16,Rhaldney,1643.7
2006,Baltika,1413,Premier Liga,Russia,2026-05-17,E. Ćivić,1599.4
460,San Lorenzo,1412,Liga Profesional,Argentina,2026-05-10,G. Hernández,1638.8
136,Vitoria,1412,Série A,Brazil,2026-05-30,Cacá,1767.2
440,Belgrano Cordoba,1411,Liga Profesional,Argentina,2026-05-24,A. Maldonado,1682.0
452,Tigre,1411,Liga Profesional,Argentina,2026-05-03,T. Cardona,1753.6
3628,Metalist 1925 Kharkiv,1411,Premier League,Ukraine,2026-05-24,I. Kalyuzhnyi,1756.0
656,Slovan Bratislava,1411,Super Liga,Slovakia,2026-05-16,J. Kucka,1541.5
545,Eibar,1409,Segunda División,Spain,2026-05-31,Sergio Cubero,1631.5
4248,Radomiak Radom,1407,Ekstraklasa,Poland,2026-05-23,J. Grzesik,1516.8
1368,Stevenage,1407,League One,England,2026-05-13,C. Goode,1470.2
370,Sirius,1406,Allsvenskan,Sweden,2026-05-30,R. Ure,1538.0
2780,Buriram United,1406,Thai League 1,Thailand,2026-05-10,Bissoli,1506.4
722,Albacete,1405,Segunda División,Spain,2026-05-30,Lorenzo Aguado,1658.3
1577,Al Ahly,1405,Premier League,Egypt,2026-05-20,Marwan Attia,1521.2
17161,LNZ Cherkasy,1403,Premier League,Ukraine,2026-05-24,A. Ryabov,1499.2
498,Sampdoria,1403,Serie B,Italy,2026-05-08,I. Strinić,1614.0
573,FK Partizan,1403,Super Liga,Serbia,2026-05-23,S. Zdjelar,1626.1
3584,Bandırmaspor,1403,1. Lig,Turkey,2026-05-02,H. Çiftçi,1548.9
407,Brondby,1402,Superliga,Denmark,2026-05-21,S. Klaiber,1554.7
945,Melbourne City,1402,A-League,Australia,2026-03-10,N. Atkinson,1504.6
104,RED Star FC 93,1402,Ligue 2,France,2026-05-12,G. Poussin,1539.9
1369,Barnet,1401,League Two,England,2026-05-02,R. Crichlow-Noble,1510.8
15516,ATK Mohun Bagan,1401,Indian Super League,India,2026-05-21,M. Singh,1496.9
281,Kashiwa Reysol,1400,J1 League,Japan,2026-06-06,T. Koyamatsu,1553.2
4501,Hapoel Tel Aviv,1400,Ligat Ha'al,Israel,2026-05-23,Chico,1615.6
7834,Novorizontino,1400,Paulista - A1,Brazil,2026-05-31,Jordi,1572.0
5354,Larne,1400,Premiership,Northern Ireland,2026-03-28,R. Ferguson,1581.7
830,Beijing Guoan,1399,Super League,China,2026-05-30,U. Spajić,1683.5
1376,Notts County,1399,League Two,England,2026-05-25,J. Bedeau,1495.9
215,Moreirense,1396,Primeira Liga,Portugal,2026-05-16,Fabiano,1658.4
1139,Santa Fe,1396,Primera A,Colombia,2026-05-24,A. Mosquera,1555.5
1610,Colorado Rapids,1395,MLS,USA,2026-05-24,R. Holding,1694.6
1598,Orlando City SC,1395,MLS,USA,2026-05-23,R. Jansson,1672.5
863,Juve Stabia,1395,Serie B,Italy,2026-05-19,M. Bellich,1534.8
702,Vojvodina,1394,Super Liga,Serbia,2026-05-23,L. Ranđelović,1540.6
844,Shandong Luneng,1394,Super League,China,2026-05-30,Jin Jingdao,1662.2
2314,Atletico San Luis,1391,Liga MX,Mexico,,Lucas Esteves,1595.2
781,Rapid Vienna,1391,Bundesliga,Austria,2026-05-25,G. Burgstaller,1536.1
3573,Gaziantep FK,1390,Süper Lig,Turkey,2026-05-16,A. Kızıldağ,1533.6
1085,Akhmat,1390,Premier Liga,Russia,2026-05-17,K. Cake,1572.8
1351,Port Vale,1390,League One,England,2026-05-02,L. Gordon,1529.2
1152,Barcelona SC,1390,Liga Pro,Ecuador,,J. Contreras,1602.0
193,PEC Zwolle,1388,Eredivisie,Netherlands,2026-05-17,S. Floranus,1485.3
343,Lechia Gdansk,1388,Ekstraklasa,Poland,2026-05-23,A. Paulsen,1487.4
266,KV Mechelen,1387,Pro League,Belgium,2026-05-24,O. De Wolf,1497.3
2896,Al Ahli Doha,1387,Stars League,Qatar,2026-04-27,I. Doumbia,1552.0
1063,Saint Etienne,1387,Ligue 2,France,2026-05-29,J. Duffus,1505.5
226,Rio Ave,1385,Primeira Liga,Portugal,2026-05-16,Gustavo Mancha,1532.7
2599,Universitatea Cluj,1385,Liga I,Romania,2026-05-23,E. Gertmonas,1512.1
2330,Coquimbo Unido,1385,Primera División,Chile,,S. Galani,1732.0
534,Las Palmas,1385,Segunda División,Spain,2026-06-07,Kirian Rodríguez,1611.8
1298,Le Mans,1385,Ligue 2,France,2026-05-09,L. Buadés,1618.8
457,Newells Old Boys,1384,Liga Profesional,Argentina,2026-05-04,B. Cabrera,1673.0
1313,Preußen Münster,1384,2. Bundesliga,Germany,2026-05-17,P. Jaeckel,1585.8
1198,Remo,1383,Série A,Brazil,2026-05-31,Gabriel Taliari,1596.0
4256,Grazer AK,1383,Bundesliga,Austria,2026-05-16,D. Pines,1512.4
2767,Ulsan Hyundai FC,1383,K League 1,South Korea,2026-05-17,Lee Dong-Gyeong,1571.8
3364,Borac Banja Luka,1383,Premijer Liga,Bosnia,2026-05-26,J. Carolina,1514.6
2285,Santos Laguna,1382,Liga MX,Mexico,,H. Preciado,1557.8
61,Wigan,1382,League One,England,2026-05-02,M. Kelly,1530.2
2994,U. Catolica,1382,Primera División,Chile,,T. Asta-Buruaga,1593.9
734,Kortrijk,1382,Challenger Pro League,Belgium,2026-04-17,T. Ambrose,1489.3
511,Empoli,1381,Serie B,Italy,2026-05-08,Ronaldo,1839.0
1136,Once Caldas,1381,Primera A,Colombia,2026-05-14,Patricio Pablo Pérez Silva,1708.4
250,Kilmarnock,1380,Premiership,Scotland,2026-05-17,M. Schjønning-Larsen,1517.5
2553,Alianza Lima,1380,Primera División,Peru,,Á. Campos,1616.9
2432,Barracas Central,1379,Liga Profesional,Argentina,2026-05-02,R. Insúa,1587.2
1601,Toronto FC,1379,MLS,USA,2026-05-24,R. Laryea,1649.1
3484,GKS Katowice,1378,Ekstraklasa,Poland,2026-05-23,L. Klemenz,1477.4
837,Tianjin Teda,1376,Super League,China,2026-05-31,David Andújar,1504.0
962,Renaissance Berkane,1376,Botola Pro,Morocco,2026-06-08,M. Mohamedi,1636.2
1321,Hansa Rostock,1376,3. Liga,Germany,2026-05-16,B. Uphoff,1465.7
434,Gimnasia L.P.,1375,Liga Profesional,Argentina,2026-05-14,O. Pouso,1782.0
10013,Cusco,1375,Primera División,Peru,,I. Colman,1573.3
10124,Riga,1375,Virsliga,Latvia,2025-08-27,O. Galo,1590.8
1064,Platense,1374,Liga Profesional,Argentina,2026-05-03,D. Vega,1645.0
4216,Navbahor,1373,Super League,Uzbekistan,2024-11-30,E. Suyunov,1529.7
1005,Antalyaspor,1372,Süper Lig,Turkey,2026-05-17,C. Luyindama,1607.1
132,Chapecoense-sc,1372,Série A,Brazil,2026-05-31,Danilo,1572.6
3597,Manisa F.K.,1372,1. Lig,Turkey,2026-05-01,L. Diony,1526.4
2290,Club Queretaro,1371,Liga MX,Mexico,,D. Reyes,1626.6
1389,Falkirk,1371,Premiership,Scotland,2026-05-16,S. Bain,1599.3
3012,Annecy,1370,Ligue 2,France,2026-05-09,C. Billemaz,1527.3
2012,FC Sochi,1369,Premier Liga,Russia,2026-05-17,N. Stojić,1657.2
2877,Baniyas SC,1369,Pro League,UAE,2026-05-16,Yahia Nader,1580.3
259,Lommel United,1369,Challenger Pro League,Belgium,2026-05-23,S. de Grand,1441.1
252,Aberdeen,1368,Premiership,Scotland,2026-05-17,L. Morrison,1480.1
566,Ludogorets,1368,First League,Bulgaria,2026-05-29,Pedro Naressi,1550.9
6786,Akron,1367,Premier Liga,Russia,2026-05-23,R. Fernández,1463.5
21263,Dalian Zhixing,1367,Super League,China,2026-05-31,Li Ang,1538.6
123,Sport Recife,1367,Serie B,Brazil,2026-05-30,Thiago Couto,1683.0
1365,Grimsby,1367,League Two,England,2026-05-15,J. Smith,1521.8
561,HNK Rijeka,1366,HNL,Croatia,2026-05-23,S. Radeljić,1623.4
1611,Sporting Kansas City,1366,MLS,USA,2026-05-24,A. Brody,1533.3
2546,Sporting Cristal,1366,Primera División,Peru,,R. Solis,1639.6
442,Defensa Y Justicia,1365,Liga Profesional,Argentina,2026-05-04,F. Pérez,1683.6
485,San Martin Tucuman,1364,Primera Nacional,Argentina,,Agustín Rodrigo Briones,1739.1
345,Zaglebie Lubin,1364,Ekstraklasa,Poland,2026-05-23,A. Ławniczak,1519.7
1693,Mantova,1364,Serie B,Italy,2026-05-08,S. Trimboli,1516.8
112,Metz,1363,Ligue 1,France,2026-05-17,B. Sarr,1494.2
346,Korona Kielce,1363,Ekstraklasa,Poland,2026-05-23,S. Rubežić,1453.8
349,Piast Gliwice,1363,Ekstraklasa,Poland,2026-05-23,E. Twumasi,1484.4
8157,FC Andorra,1363,Segunda División,Spain,2026-05-31,Jesús Owono,1581.3
1142,Deportes Tolima,1363,Primera A,Colombia,2026-05-23,Y. Osorio,1681.6
416,FC Volendam,1362,Eredivisie,Netherlands,2026-05-20,D. Kwakman,1601.3
853,CSKA Sofia,1362,First League,Bulgaria,2026-05-25,Facundo Santiago Rodríguez,1746.0
3478,Mumbai City,1362,Indian Super League,India,2026-05-21,R. Griffiths,1572.3
21595,AVS,1361,Primeira Liga,Portugal,2026-05-16,Rúben Semedo,1562.1
350,Cracovia Krakow,1360,Ekstraklasa,Poland,2026-05-23,O. Kakabadze,1520.8
646,Levski Sofia,1360,First League,Bulgaria,2026-05-25,K. Dimitrov,1595.8
4203,Geylang International,1359,Premier League,Singapore,2026-04-26,S. Yokoyama,1558.5
525,Pescara,1359,Serie B,Italy,2026-05-08,G. Altare,1512.1
2392,Debreceni VSC,1359,NB I,Hungary,2026-05-16,M. Hofmann,1555.0
2247,Apoel Nicosia,1359,1. Division,Cyprus,2026-05-22,P. Olayinka,1607.1
3605,Sarıyer,1358,1. Lig,Turkey,2026-05-02,M. Mert,1495.0
739,AS Eupen,1358,Challenger Pro League,Belgium,2026-04-17,Yoram\t Zague,1561.1
1080,FC Orenburg,1357,Premier Liga,Russia,2026-05-17,J. Palacios,1514.0
2744,Sepahan FC,1357,Persian Gulf Pro League,Iran,2026-02-18,M. Karimi,1513.2
537,Leganes,1357,Segunda División,Spain,2026-05-31,M. Nastasić,1610.5
1320,Energie Cottbus,1356,3. Liga,Germany,2026-05-16,L. Copado,1548.3
1936,CA Estudiantes,1353,Primera Nacional,Argentina,,F. Quinteros,1449.3
1014,Lausanne,1353,Super League,Switzerland,2026-05-16,N. Beloko,1558.7
2770,Bangkok United,1353,Thai League 1,Thailand,2026-05-02,S. Kunori,1590.2
515,Spezia,1352,Serie B,Italy,2026-05-08,S. Żurkowski,1546.2
1025,Wolfsberger AC,1352,Bundesliga,Austria,2026-05-19,E. Omić,1507.0
677,Olimpija Ljubljana,1350,1. SNL,Slovenia,2026-03-14,Pedro Lucas,1603.4
419,Almere City FC,1350,Eerste Divisie,Netherlands,2026-05-16,M. Engel,1443.0
1066,Gimnasia M.,1349,Liga Profesional,Argentina,2026-05-04,S. Velázquez,1558.9
3472,Bengaluru,1348,Indian Super League,India,2026-05-16,R. Bheke,1519.2
1065,Central Cordoba de Santiago,1347,Liga Profesional,Argentina,2026-05-02,A. Aguerre,1556.6
3578,İstanbulspor,1347,1. Lig,Turkey,2026-05-01,E. Uzunhan,1468.9
848,Hangzhou Greentown,1347,Super League,China,2026-05-30,Gu Chao,1710.1
899,Modena,1346,Serie B,Italy,2026-05-12,M. De Luca,1470.9
968,Wydad AC,1346,Botola Pro,Morocco,2026-06-08,H. Ziyech,1633.7
364,Djurgardens IF,1346,Allsvenskan,Sweden,2026-05-22,M. Tenho,1552.2
2899,UMM Salal,1345,Stars League,Qatar,2026-04-27,A. Diallo,1618.4
396,Sonderjyske,1345,Superliga,Denmark,2026-05-17,M. Soulas,1503.5
9580,Burgos,1345,Segunda División,Spain,2026-05-31,Iván Morante,1575.0
1361,Colchester,1345,League Two,England,2026-05-02,E. Iandolo,1470.7
3601,Pendikspor,1344,1. Lig,Turkey,2026-05-07,M. Wilks,1464.3
5684,Shenyang Urban,1344,Super League,China,2026-05-29,Zhang Yan,1653.3
562,FC Astana,1343,Premier League,Kazakhstan,2025-08-14,O. Camara,1525.3
227,Santa Clara,1342,Primeira Liga,Portugal,2026-05-16,MT,1544.6
140,Criciuma,1341,Serie B,Brazil,2026-06-06,Marcelo Hermes,1593.8
669,Coleraine FC,1341,Premiership,Northern Ireland,2026-04-18,J. Cooper,1474.4
225,Nacional,1340,Primeira Liga,Portugal,2026-05-16,Gabriel Veron,1498.8
306,Tokyo Verdy,1340,J1 League,Japan,2026-06-06,N. Hayashi,1526.3
367,BK Hacken,1340,Allsvenskan,Sweden,2026-05-31,B. Wembangomo,1607.8
6231,Rapid,1339,Liga I,Romania,2026-05-25,C. Manea,1456.0
3617,Karpaty,1339,Premier League,Ukraine,2026-05-23,D. Palacios,1593.0
2898,Al-Sailiya,1338,Stars League,Qatar,2026-04-27,M. Antonio,1551.6
3684,FC Noah,1338,Premier League,Armenia,2026-05-27,E. Boakye,1464.6
1193,Cuiaba,1338,Serie B,Brazil,2026-06-09,João Basso,1635.8
2618,Botafogo SP,1338,Paulista - A1,Brazil,2026-06-08,Matheus Sales,1468.5
4716,Casa Pia,1337,Primeira Liga,Portugal,2026-05-28,L. Ofori,1501.6
609,Shkendija,1337,First League,Macedonia,2026-05-15,E. Bejtulai,1561.0
2328,Huachipato,1337,Primera División,Chile,,L. Altamirano,1546.8
406,Aarhus,1336,Superliga,Denmark,2026-05-17,G. Links,1743.1
2643,Novi Pazar,1336,Super Liga,Serbia,2026-05-23,B. Omoregbe,1566.4
732,Zaragoza,1336,Segunda División,Spain,2026-05-31,E. Andrada,1596.4
4222,Shortan,1336,Super League,Uzbekistan,2024-12-04,Unknown (103603),1523.3
528,Avellino,1335,Serie B,Italy,2026-05-12,A. Izzo,1531.9
341,Wisla Plock,1334,Ekstraklasa,Poland,2026-05-23,Iban Salvador,1505.9
398,FC Nordsjaelland,1334,Superliga,Denmark,2026-05-17,A. Hansen,1644.7
3711,The Strongest,1334,Primera División,Bolivia,,L. Banegas,1498.6
1929,Deportivo Madryn,1333,Primera Nacional,Argentina,,F. Recalde,1487.0
129,Ceara,1333,Serie B,Brazil,2026-05-31,Fernando Miguel,1679.1
2699,Mamelodi Sundowns,1333,Premier Soccer League,South Africa,2026-05-24,B. León,1645.6
449,Banfield,1332,Liga Profesional,Argentina,2026-05-02,Unknown (218066),1861.2
3723,Hradec Králové,1332,Czech Liga,Czech Republic,2026-05-24,F. Čihák,1445.8
2633,OFK Beograd,1332,Super Liga,Serbia,2026-05-22,E. Prutsev,1537.2
5499,Turan,1332,Premyer Liqa,Azerbaijan,2026-05-22,Jorge Silva,1528.2
152,Juventude,1332,Serie B,Brazil,2026-06-05,Jandrei,1626.3
955,Asteras Tripolis,1331,Super League 1,Greece,2026-05-21,Juanito,1517.2
439,Godoy Cruz,1331,Primera Nacional,Argentina,,L. Arce,1572.3
3627,Kolos Kovalivka,1331,Premier League,Ukraine,2026-05-21,T. Stepanenko,1498.4
375,Malmo FF,1331,Allsvenskan,Sweden,2026-05-30,R. Olsen,1497.9
1036,Pyramids FC,1331,Premier League,Egypt,2026-05-20,Ahmed Atef Otta,1473.3
478,Instituto Cordoba,1330,Liga Profesional,Argentina,2026-05-05,S. Biglieri,1812.0
1965,Tristan Suarez,1330,Primera Nacional,Argentina,,M. Guillén,1494.2
2390,Paks,1330,NB I,Hungary,2026-05-16,K. Papp,1517.8
1125,Millonarios,1330,Primera A,Colombia,2026-05-03,A. Llinás,1604.8
4374,Koper,1329,1. SNL,Slovenia,2026-05-16,F. Hartherz,1451.8
1138,America de Cali,1329,Primera A,Colombia,2026-05-13,M. Torres,1616.9
1948,Atlanta,1328,Primera Nacional,Argentina,,F. Presedo,1447.8
2414,Zalaegerszegi TE,1328,NB I,Hungary,2026-05-16,Calderón,1554.8
331,Rosenborg,1327,Eliteserien,Norway,2026-05-29,J. Svensson,1562.2
552,Maribor,1327,1. SNL,Slovenia,2026-05-23,J. Seri,1563.4
3408,Aris,1327,1. Division,Cyprus,2026-05-22,C. Goldson,1563.0
782,Slovan Liberec,1325,Czech Liga,Czech Republic,2026-05-24,T. Koubek,1563.5
263,Beerschot VA,1325,Challenger Pro League,Belgium,2026-05-09,C. Dagba,1446.0
755,Nautico Recife,1325,Serie B,Brazil,2026-06-09,Maylson Barbosa Teixeira,1566.7
3595,Keçiörengücü,1324,1. Lig,Turkey,2026-05-07,S. Olgun,1545.2
146,CRB,1324,Serie B,Brazil,2026-06-07,Lucas Lovat,1483.7
1304,Dunkerque,1324,Ligue 2,France,2026-05-09,A. Georgen,1443.9
17259,Iğdır FK,1323,1. Lig,Turkey,2026-05-02,O. Güçtekin,1438.7
1483,NK Varazdin,1322,HNL,Croatia,2026-05-23,A. Boršić,1689.1
1621,Rot-Weiß Essen,1322,3. Liga,Germany,2026-05-26,J. Ríos Alonso,1397.1
6486,Bukovyna,1322,Persha Liga,Ukraine,2026-06-02,Y. Pidlepenets,1465.3
8379,San Miguel,1321,Primera Nacional,Argentina,,G. Peruzzi,1549.7
144,Atletico Goianiense,1320,Serie B,Brazil,2026-06-08,Diego Loureiro,1555.4
474,Sarmiento Junin,1319,Liga Profesional,Argentina,2026-05-03,Walter Marcelo Bustamante,1756.9
14562,Motor Lublin,1318,Ekstraklasa,Poland,2026-05-23,Ivo Rodrigues,1391.8
2320,O'Higgins,1318,Primera División,Chile,,M. Romero,1606.6
1223,Operario-PR,1318,Serie B,Brazil,2026-06-05,Léo Cittadini,1678.6
4215,Nasaf,1318,Super League,Uzbekistan,2026-02-16,O. Bozorov,1404.2
455,Atletico Tucuman,1317,Liga Profesional,Argentina,2026-05-03,Ever Lider Marmol,1803.9
469,Deportivo Moron,1317,Primera Nacional,Argentina,,J. Celaya,1530.3
1128,Independiente Medellin,1317,Primera A,Colombia,2026-05-03,W. Aguerre,1611.7
3396,AEL,1316,1. Division,Cyprus,2026-05-15,D. Zdravkovski,1600.3
409,Dordrecht,1316,Eerste Divisie,Netherlands,2026-04-24,S. Valk,1455.8
1581,Carrarese,1314,Serie B,Italy,2026-05-08,T. Rubino,1448.3
1333,AFC Wimbledon,1314,League One,England,2026-05-02,J. Tilley,1449.1
731,Sporting Gijon,1314,Segunda División,Spain,2026-05-30,Andrés Cuenca,1546.0
74,Sheffield Wednesday,1313,Championship,England,2026-05-02,S. Dieng,1686.5
2291,Puebla,1313,Liga MX,Mexico,,M. Jiménez,1619.2
4206,Tampines Rovers,1313,Premier League,Singapore,2026-05-17,S. Yamashita,1575.9
2255,Ujpest,1313,NB I,Hungary,2026-05-16,Iuri Medeiros,1466.8
15550,Macarthur,1313,A-League,Australia,2026-02-19,Beñat,1506.6
715,Granada CF,1313,Segunda División,Spain,2026-05-30,L. Zidane,1632.4
1364,Exeter City,1312,League One,England,2026-05-02,J. Fitzwater,1501.0
687,Flora Tallinn,1312,Meistriliiga,Estonia,2025-07-17,H. Pürg,1603.8
720,Valladolid,1311,Segunda División,Spain,2026-05-31,Sergio Asenjo,1577.1
414,Roda,1311,Eerste Divisie,Netherlands,2026-05-01,D. Van den Buijs,1417.8
4220,Pakhtakor,1311,Super League,Uzbekistan,2024-11-30,K. Alijonov,1518.2
783,FC Zurich,1310,Super League,Switzerland,2026-05-16,I. Mathew,1514.7
786,TSV 1860 München,1310,3. Liga,Germany,2026-05-16,T. Dähne,1443.8
441,Union Santa Fe,1309,Liga Profesional,Argentina,2026-05-12,Daniel Alejandro Islas,1837.4
2907,Qatar SC,1308,Stars League,Qatar,2026-04-27,P. Kimpembe,1781.2
1013,Grasshoppers,1308,Super League,Switzerland,2026-05-21,B. Schmitz,1489.6
1072,TSV Hartberg,1308,Bundesliga,Austria,2026-05-17,T. Hülsmann,1405.5
2554,FBC Melgar,1308,Primera División,Peru,,Nicolás Andrés Freitas Silva,1669.3
417,Waalwijk,1308,Eerste Divisie,Netherlands,2026-05-09,J. Gaari,1450.7
1353,Swindon Town,1308,League Two,England,2026-05-02,W. Wright,1520.5
583,Linfield,1308,Premiership,Northern Ireland,2026-04-18,S. Roscoe-Byrne,1455.3
969,FAR Rabat,1307,Botola Pro,Morocco,2026-06-09,A. Tagnaouti,1504.2
2269,Anorthosis,1307,1. Division,Cyprus,2026-05-15,B. Mugabi,1475.8
99,Clermont Foot,1307,Ligue 2,France,2026-05-09,S. Sow,1658.8
1040,Zamalek SC,1307,Premier League,Egypt,2026-05-20,Juan Alvina,1469.9
479,Gimnasia Jujuy,1306,Primera Nacional,Argentina,,Unknown (16693),1821.5
11238,Araz,1306,Premyer Liqa,Azerbaijan,2026-05-23,Ö. Buludov,1413.7
679,FK Sarajevo,1306,Premijer Liga,Bosnia,2026-05-03,S. Ristovski,1516.4
713,Cordoba,1305,Segunda División,Spain,2026-05-31,Rubén Alves,1607.1
333,Sarpsborg 08 FF,1304,Eliteserien,Norway,2026-05-29,S. Rosted,1514.3
4200,Albirex Niigata S,1304,Premier League,Singapore,2026-05-16,Yosuke Nozawa,1815.9
2746,Gangwon FC,1304,K League 1,South Korea,2026-05-17,M. Tuci,1490.3
2257,Dunajska Streda,1304,Super Liga,Slovakia,2026-05-16,K. Nemanič,1517.2
2424,Estudiantes de Rio Cuarto,1303,Liga Profesional,Argentina,2026-05-05,F. Bersano,1504.7
635,Dinamo Bucuresti,1303,Liga I,Romania,2026-05-29,Edgar Ié,1558.5
1599,Philadelphia Union,1303,MLS,USA,2026-05-24,Q. Sullivan,1671.3
2270,Neftchi Baku,1303,Premyer Liqa,Azerbaijan,2026-05-23,I. Faraj,1524.6
588,Zrinjski,1303,Premijer Liga,Bosnia,2026-05-26,M. Ćuže,1520.9
461,San Martin S.J.,1302,Primera Nacional,Argentina,,P. López,1590.8
2876,Al-Ittihad Kalba,1302,Pro League,UAE,2026-05-15,A. Maxsø,1524.5
2562,Cienciano,1302,Primera División,Peru,,Y. Gamero,1442.3
4217,Neftchi,1302,Super League,Uzbekistan,2024-11-30,Igor Taran,1449.2
206,Heracles,1301,Eredivisie,Netherlands,2026-05-17,N. Laursen,1565.7
2325,Everton de Vina,1301,Primera División,Chile,,B. Berríos,1415.1
2391,Puskas Academy,1300,NB I,Hungary,2026-05-15,Á. Pécsi,1495.6
1394,FC BW Linz,1300,Bundesliga,Austria,2026-05-16,C. Conde,1482.5
648,Zira,1300,Premyer Liqa,Azerbaijan,2026-05-23,İ. İbrahimli,1511.7
21265,Yunnan Yukun,1300,Super League,China,2026-05-31,José Martínez,1630.2
949,Panetolikos,1299,Super League 1,Greece,2026-05-21,J. Chura,1471.7
5254,Castellón,1299,Segunda División,Spain,2026-06-09,Barri,1562.8
725,Cultural Leonesa,1299,Segunda División,Spain,2026-05-30,Tomás Ribeiro,1584.6
15130,Estrela,1298,Primeira Liga,Portugal,2026-05-16,Luan Patrick,1530.7
363,Hammarby FF,1298,Allsvenskan,Sweden,2026-05-31,E. Skoglund,1615.8
1002,Sivasspor,1297,1. Lig,Turkey,2026-05-02,Marcelo Goiano,1651.8
319,Brann,1296,Eliteserien,Norway,2026-05-29,R. Matondo,1471.5
1928,Gimnasia Y Tiro,1296,Primera Nacional,Argentina,,F. Cosentino,1398.2
6342,Vanspor FK,1296,1. Lig,Turkey,2026-05-01,K. Mamah,1482.8
187,MSV Duisburg,1296,3. Liga,Germany,2026-05-16,Unknown (25261),1398.7
6489,Kryvbas KR,1294,Premier League,Ukraine,2026-05-23,M. Zaderaka,1485.4
139,Ponte Preta,1294,Paulista - A1,Brazil,2026-06-09,Paulo Rogerio Reis Silva,1577.9
463,Aldosivi,1293,Liga Profesional,Argentina,2026-05-03,Matías Nicolás Gigli,1700.6
1028,Ried,1293,Bundesliga,Austria,2026-05-25,P. Pomer,1395.6
6813,Dinamo Makhachkala,1292,Premier Liga,Russia,2026-05-23,J. Tabidze,1420.7
329,Molde,1292,Eliteserien,Norway,2026-05-30,A. Posiadała,1502.5
253,Dundee,1292,Premiership,Scotland,2026-05-17,S. Wright,1429.6
599,Zorya Luhansk,1291,Premier League,Ukraine,2026-05-23,D. Favorov,1492.8
218,Tondela,1290,Primeira Liga,Portugal,2026-05-16,J. Siebatcheu,1486.3
476,Deportivo Riestra,1290,Liga Profesional,Argentina,2026-05-02,Nahuel Carlos Benítez,1910.6
1122,FK Jablonec,1290,Czech Liga,Czech Republic,2026-05-24,P. Ševčík,1674.4
2764,Pohang Steelers,1290,K League 1,South Korea,2026-05-17,Park Chan-Yong,1568.2
4563,Aktobe,1290,Premier League,Kazakhstan,2025-07-31,M. Petrolay,1496.8
5352,Glentoran,1290,Premiership,Northern Ireland,2026-03-28,R. Cooney,1374.0
2240,Mjallby AIF,1289,Allsvenskan,Sweden,2026-05-25,N. Törnqvist,1671.2
980,ES Tunis,1289,Ligue 1,Tunisia,2026-05-14,M. Tougai,1525.9
274,Valur Reykjavik,1289,Úrvalsdeild,Iceland,2025-07-31,F. Schram,1332.2
258,ST Johnstone,1289,Championship,Scotland,2026-04-11,A. Forrester,1438.6
203,NAC Breda,1288,Eredivisie,Netherlands,2026-05-17,J. Van den Bergh,1392.7
1154,Deportivo Cuenca,1288,Liga Pro,Ecuador,,K. Moreno,1437.9
2318,Palestino,1288,Primera División,Chile,,D. Zúñiga,1471.3
200,Vitesse,1288,Eerste Divisie,Netherlands,2026-04-24,D. Pröpper,1518.6
3499,Dila,1288,Erovnuli Liga,Georgia,2025-07-31,Pedro Mendes,1415.8
2592,Arges Pitesti,1286,Liga I,Romania,2026-05-22,D. Oancea,1440.7
470,Ferro Carril Oeste,1285,Primera Nacional,Argentina,,J. Vizcarra,1571.5
2180,FC Winterthur,1285,Super League,Switzerland,2026-05-16,M. Kryeziu,1437.4
482,Almagro,1284,Primera Nacional,Argentina,,A. Iglesias,1551.6
1162,Mushuc Runa SC,1284,Liga Pro,Ecuador,,L. Haquín,1591.4
2748,FC Anyang,1284,K League 1,South Korea,2026-05-17,Kwon Kyung-Won,1484.4
465,Atletico DE Rafaela,1283,Primera Nacional,Argentina,,N. Fernández,1602.1
1131,Bucaramanga,1283,Primera A,Colombia,2026-05-03,A. Quintana,1588.2
142,Vila Nova,1283,Serie B,Brazil,2026-06-08,Helton Leite,1550.6
411,Jong PSV U21,1283,Eerste Divisie,Netherlands,2026-04-24,N. Schiks,1391.1
1363,Crewe,1282,League Two,England,2026-05-02,R. Hutchinson,1349.0
4223,Sogdiana,1282,Super League,Uzbekistan,2024-11-30,Ruslan Melzitdinov,1553.4
199,De Graafschap,1281,Eerste Divisie,Netherlands,2026-05-09,Youssef El Jebli,1425.3
1386,Dundee Utd,1280,Premiership,Scotland,2026-05-17,Unknown (117305),1449.4
2110,Volos NFC,1279,Super League 1,Greece,2026-05-17,Óscar Pinchi,1476.5
618,SCR Altach,1279,Bundesliga,Austria,2026-05-16,Unknown (22091),1488.0
1367,Newport County,1279,League Two,England,2026-05-02,L. Shephard,1350.9
4912,Khorfakkan,1278,Pro League,UAE,2026-05-15,Won Du-Jae,1509.4
17265,Qingdao Youth Island,1278,Super League,China,2026-05-30,S. Memišević,1563.5
2070,Viborg,1277,Superliga,Denmark,2026-05-17,J.  Mbom,1504.7
13975,Athletic Club,1277,Serie B,Brazil,2026-05-30,Nico Williams,2013.8
372,IF Elfsborg,1277,Allsvenskan,Sweden,2026-05-29,T. Isherwood,1510.3
2259,FK Tobol Kostanay,1277,Premier League,Kazakhstan,2024-08-01,M. Vukčević,1523.8
1319,SV Wehen,1277,3. Liga,Germany,2026-05-16,F. Luckeneder,1391.8
2893,Al Shahaniya,1276,Stars League,Qatar,2026-05-08,Muniesa,1379.9
21011,Yelimay Semey,1276,Premier League,Kazakhstan,,R. Orazov,1461.2
177,SSV Jahn Regensburg,1276,3. Liga,Germany,2026-05-16,J. Pollersbeck,1399.0
701,KI Klaksvik,1276,Meistaradeildin,Faroe Islands,2025-08-14,J. Danielsen,1502.0
616,NK Osijek,1275,HNL,Croatia,2026-05-22,B. Barišić,1476.6
2011,Nizhny Novgorod,1275,Premier Liga,Russia,2026-05-17,E. Fariña,1434.6
1372,Cheltenham,1275,League Two,England,2026-05-02,R. Cundy,1443.6
2526,Selangor,1274,Super League,Malaysia,2026-05-17,Noor Al Rawabdeh,1552.7
1349,Oldham,1274,League Two,England,2026-05-02,D. Daniels,1420.0
21137,East Bengal II,1274,Indian Super League,India,2026-05-21,B. Singh,1510.6
652,Shamrock Rovers,1274,Premier Division,Ireland,2026-05-29,M. Healy,1469.4
447,Chacarita Juniors,1273,Primera Nacional,Argentina,,Matías Alejandro Soto Torres,1661.2
2879,Ajman,1273,Pro League,UAE,2026-05-15,Dodô,1497.7
20960,Deportivo Garcilaso,1273,Primera División,Peru,,E. Canales,1410.9
3475,Goa,1273,Indian Super League,India,2026-05-18,Odei Onaindia,1443.6
509,Cesena,1272,Serie B,Italy,2026-05-08,G. Castrovilli,1457.2
1336,Fleetwood Town,1272,League Two,England,2026-05-02,M. Clark,1390.6
1398,WSG Wattens,1271,Bundesliga,Austria,2026-05-16,B. Böckle,1356.7
2350,Defensor Sporting,1271,Primera División - Apertura,Uruguay,2025-06-28,M. Gómez,1451.4
1127,Deportivo Cali,1270,Primera A,Colombia,2026-05-03,L. Orejuela,1624.4
2560,Alianza Atletico,1270,Primera División,Peru,,C. Vásquez,1476.7
184,FC Ingolstadt 04,1270,3. Liga,Germany,2026-05-16,P. Kurzweg,1548.5
462,Agropecuario,1269,Primera Nacional,Argentina,,Diego Eduardo Lagos,1732.5
880,Reggiana,1269,Serie B,Italy,2026-05-08,J. Da Riva,1421.5
2733,Esteghlal FC,1269,Persian Gulf Pro League,Iran,2026-02-17,Adán,1801.0
2396,MTK Budapest,1269,NB I,Hungary,2026-05-15,J. Szépe,1369.5
664,Kairat Almaty,1269,Premier League,Kazakhstan,2026-01-28,Sito Riera,1464.2
1027,SKN ST. Polten,1269,2. Liga,Austria,2026-05-14,D. Carlson,1464.9
3577,Ümraniyespor,1267,1. Lig,Turkey,2026-05-02,S. Kırıntılı,1519.5
1426,CSKA 1948,1267,First League,Bulgaria,2026-05-25,L. Dvali,1607.5
1639,FC Saarbrücken,1267,3. Liga,Germany,2026-05-16,M. Gaus,1372.7
3528,Paide,1267,Meistriliiga,Estonia,2025-07-31,M. Lilander,1460.6
251,ST Mirren,1266,Premiership,Scotland,2026-05-25,M. O'Hara,1375.3
527,Virtus Entella,1266,Serie B,Italy,2026-05-08,T. Del Lungo,1432.5
16730,Deportes Limache,1265,Primera División,Chile,,G. Álvarez,1423.3
799,Mirandes,1265,Segunda División,Spain,2026-05-31,Raúl Fernández,1605.6
654,Zeljeznicar Sarajevo,1264,Premijer Liga,Bosnia,2026-05-10,M. Cvetanoski,1582.1
404,AC Horsens,1263,1. Division,Denmark,2026-05-31,V. Pálsson,1482.3
4219,Olmaliq,1263,Super League,Uzbekistan,2024-11-30,O. Valizhonov,1471.4
1954,Deportivo Maipu,1262,Primera Nacional,Argentina,,Mauro Ezequiel Cerutti,1473.3
3487,Nieciecza,1261,Ekstraklasa,Poland,2026-05-23,L. Masoero,1380.2
2873,Al-Dhafra,1261,Pro League,UAE,2026-05-16,J. Guðmunds­son,1504.0
2768,Gimcheon Sangmu FC,1261,K League 1,South Korea,2026-05-17,Byeon Jun-Soo,1515.4
418,Jong AZ,1261,Eerste Divisie,Netherlands,2026-04-24,M. Dekker,1441.6
2789,Port FC,1261,Thai League 1,Thailand,2026-05-10,Lucas Tocantins,1450.2
1067,Defensores De Belgrano,1260,Primera Nacional,Argentina,,Unknown (6255),1656.1
344,Arka Gdynia,1260,Ekstraklasa,Poland,2026-05-23,A. Sidibe,1380.1
1144,Águilas Doradas,1260,Primera A,Colombia,2026-05-03,I. Arboleda,1676.9
3843,St Patrick's Athl.,1260,Premier Division,Ireland,2026-05-29,R. Palmer,1363.3
4346,Struga,1259,First League,Macedonia,2026-05-15,B. Bojku,1416.1
5686,Sichuan Jiuniu,1259,Super League,China,2026-05-30,F. Benković,1568.4
4265,Verl,1258,3. Liga,Germany,2026-05-16,T. Gayret,1383.2
4160,Rīgas FS,1258,Virsliga,Latvia,2025-08-28,H. Prenga,1528.3
724,Cadiz,1257,Segunda División,Spain,2026-05-31,Alberto Cifuentes Martínez,1650.0
9136,Al Bataeh,1256,Pro League,UAE,2026-05-16,Paulinho,1406.3
401,Randers FC,1256,Superliga,Denmark,2026-05-17,N. Dyhr,1441.9
953,Larisa,1255,Super League 1,Greece,2026-05-21,Tim Sparv,1404.5
1297,PAU,1255,Ligue 2,France,2026-05-09,B. Bertrand,1420.5
1155,Macara,1254,Liga Pro,Ecuador,,N. Arena,1497.9
5695,Wuhan Three Towns,1254,Super League,China,2026-05-31,Danilo Arboleda Hurtado,1527.6
2099,Panserraikos,1253,Super League 1,Greece,2026-05-21,A. Diamantis,1432.3
8375,Almirante Brown,1253,Primera Nacional,Argentina,,Rodrigo Sebastián Alonso,1738.9
148,Londrina,1253,Serie B,Brazil,2026-06-06,Jumar,1641.0
1342,Walsall,1253,League Two,England,2026-05-02,K. Roofe,1497.8
1165,KuPS,1253,Veikkausliiga,Finland,2026-05-30,K. Adams,1475.0
1932,San Telmo,1252,Primera Nacional,Argentina,,E. Filippetto,1591.9
2331,Cobresal,1252,Primera División,Chile,,C. Barrera,1482.7
145,Avai,1252,Serie B,Brazil,2026-05-30,Emerson Pereira Nunes,1571.4
8377,Colegiales,1251,Primera Nacional,Argentina,,E. Ocampo,1398.4
3502,Saburtalo,1251,Erovnuli Liga,Georgia,2025-07-29,J. Jinjolava,1436.9
2358,Liverpool Montevideo,1250,Primera División - Apertura,Uruguay,2025-06-28,J. Rosso,1449.2
2369,Cerro Largo,1249,Primera División - Apertura,Uruguay,2025-06-30,A. Di Pippa,1390.9
2273,FC Levadia Tallinn,1249,Meistriliiga,Estonia,2025-08-14,I. Yakovlev,1417.3
2360,Wanderers,1248,Primera División - Apertura,Uruguay,2025-06-28,E. Obregón,1372.8
870,Padova,1247,Serie B,Italy,2026-05-08,P. Gómez,1430.2
405,Odense,1247,Superliga,Denmark,2026-05-17,J. Bonde,1466.3
2337,Nublense,1247,Primera División,Chile,,E. Guerrero,1469.7
2761,Jeju United FC,1247,K League 1,South Korea,2026-05-17,Kim Jae-Woo,1485.6
326,Valerenga,1246,Eliteserien,Norway,2026-05-29,I. Näsberg,1388.5
454,Temperley,1246,Primera Nacional,Argentina,,S. Vidal,1808.4
73,Rotherham,1246,League One,England,2026-05-02,S. McWilliams,1422.7
1156,Aucas,1246,Liga Pro,Ecuador,,J. Ontaneda,1430.3
466,Atletico Mitre,1245,Primera Nacional,Argentina,,Unknown (74803),1603.3
5635,Concepción,1245,Primera División,Chile,,M. Gallegos,1478.4
709,Pyunik Yerevan,1245,Premier League,Armenia,2026-05-27,Juninho,1450.6
1068,HNK Gorica,1244,HNL,Croatia,2026-05-23,Jozo Šimunović,1567.8
428,Jong Utrecht,1243,Eerste Divisie,Netherlands,2026-04-24,Zidane Iqbal,1431.2
1578,Sudtirol,1242,Serie B,Italy,2026-05-22,F. Scaglia,1443.9
3602,Sakaryaspor,1242,1. Lig,Turkey,2026-05-01,B. Uzun,1417.4
2763,Incheon United,1242,K League 1,South Korea,2026-05-16,Kim Dong-Heon,1529.9
4210,Bunyodkor,1242,Super League,Uzbekistan,2024-11-30,M. Zukhurov,1394.1
976,Raja Casablanca,1241,Botola Pro,Morocco,2026-06-09,A. Khammas,1455.1
3416,Omonia Aradippou,1241,1. Division,Cyprus,2026-05-15,S. Lomónaco,1435.3
2341,D. La Serena,1240,Primera División,Chile,,F. Olego,1420.2
7808,ML Vitebsk,1240,Premier League,Belarus,,Z. Volkov,1461.7
366,IFK Goteborg,1240,Allsvenskan,Sweden,2026-05-31,M. Fenger,1459.3
625,Lyngby,1239,1. Division,Denmark,2026-05-31,D. Warmerdam,1533.6
1157,Universidad Catolica,1237,Liga Pro,Ecuador,,A. Londoño,1533.1
1148,Emelec,1236,Liga Pro,Ecuador,,F. Castelli,1469.6
3466,Minerva Punjab,1236,Indian Super League,India,2026-05-21,Pablo Santos,1415.8
2073,Silkeborg,1233,Superliga,Denmark,2026-05-17,T. Adamsen,1365.9
1305,Bastia,1233,Ligue 2,France,2026-05-09,F. Bohnert,1438.2
1362,Crawley Town,1233,League Two,England,2026-05-02,R. Darcy,1391.8
2776,Ratchaburi,1233,Thai League 1,Thailand,2026-05-10,Sidcley,1342.2
377,AIK Stockholm,1232,Allsvenskan,Sweden,2026-05-30,K. Nordfeldt,1527.6
2149,Fredrikstad,1231,Eliteserien,Norway,2026-05-29,J. Hummelvoll-Nuñez,1352.9
1347,Gillingham,1231,League Two,England,2026-05-02,J. Smith,1396.7
1352,Shrewsbury,1231,League Two,England,2026-05-02,M. Cox,1435.4
3554,Žilina,1231,Super Liga,Slovakia,2026-05-16,J. Minárik,1379.5
1337,Northampton,1230,League One,England,2026-05-02,J. Thorniley,1443.5
301,JEF United Chiba,1229,J1 League,Japan,2026-06-06,K. Toriumi,1397.4
3683,Ararat-Armenia,1229,Premier League,Armenia,2026-05-27,J. Julio,1466.6
10139,AD Ceuta FC,1229,Segunda División,Spain,2026-05-30,A. Tuhami,1468.9
3854,Shelbourne,1229,Premier Division,Ireland,2026-05-29,Wessel Speel,1432.0
1018,NK Slaven Belupo,1228,HNL,Croatia,2026-05-22,M. Lešković,1464.6
483,Los Andes,1228,Primera Nacional,Argentina,,F. Gutiérrez,1659.5
480,Quilmes,1228,Primera Nacional,Argentina,,J. Martínez,1806.5
1023,Admira Wacker,1228,2. Liga,Austria,2026-05-14,M. Meisl,1388.6
1992,Orense SC,1227,Liga Pro,Ecuador,,V. Burgoa,1477.0
4205,Hougang United,1226,Premier League,Singapore,2026-05-18,Unknown (98735),1735.2
1819,Barrow,1223,League Two,England,2026-05-02,M. Kenlock,1449.3
354,The New Saints,1223,Premier League,Wales,2026-04-03,D. Williams,1310.1
1946,Chaco For Ever,1222,Primera Nacional,Argentina,,G. Ríos,1610.8
2241,Vasteras SK FK,1222,Allsvenskan,Sweden,2026-05-31,V. Wernersson,1331.6
1299,Boulogne,1222,Ligue 2,France,2026-05-09,G. Capuano,1371.5
901,Partick,1222,Championship,Scotland,2026-05-25,T. Watt,1380.0
12360,Železničar Pančevo,1221,Super Liga,Serbia,2026-05-22,E. Fardou Ben Mohamed,1617.9
726,Huesca,1219,Segunda División,Spain,2026-05-31,Joaquín Fernández,1495.4
464,All Boys,1218,Primera Nacional,Argentina,,L. Caruso,1564.6
1464,Llaneros,1218,Primera A,Colombia,2026-05-02,D. Quintero,1471.7
101,Grenoble,1218,Ligue 2,France,2026-05-09,M. Djitté,1348.6
433,Laval,1217,Ligue 2,France,2026-05-24,T. Dago,1360.3
208,Emmen,1217,Eerste Divisie,Netherlands,2026-04-24,R. Postema,1384.5
448,Colon Santa Fe,1216,Primera Nacional,Argentina,,M. Díaz,1469.0
7421,Serik Spor,1216,1. Lig,Turkey,2026-05-01,A. Montes,1404.4
1620,FC Viktoria Köln,1216,3. Liga,Germany,2026-05-16,M. Sponsel,1360.4
1134,Internacional de Bogota,1215,Primera A,Colombia,2026-05-12,W. Fariñez,1525.3
10492,ADT,1215,Primera División,Peru,,G. Dulanto,1540.2
484,Nueva Chicago,1214,Primera Nacional,Argentina,,C. More,1739.3
663,FK Rabotnicki,1214,First League,Macedonia,2026-05-25,I. Aleksovski,1442.2
684,FC Differdange 03,1214,National Division,Luxembourg,2026-05-17,K. D'Anzico,1432.8
3415,Olympiakos,1213,1. Division,Cyprus,2026-05-15,V. Kovalenko,1393.3
3615,Chornomorets,1213,Persha Liga,Ukraine,2026-05-23,Y. Rakitskyi,1587.4
4268,Waldhof Mannheim,1212,3. Liga,Germany,2026-05-16,A. Ferati,1317.2
4212,Kokand-1912,1212,Super League,Uzbekistan,2023-12-05,Otabek Khaydarov,1548.2
374,Kalmar FF,1211,Allsvenskan,Sweden,2026-05-30,A. Keita,1444.7
14434,Epitsentr Dunayivtsi,1210,Premier League,Ukraine,2026-05-23,K. Kovalets,1395.9
568,Sheriff Tiraspol,1210,Super Liga,Moldova,2026-05-10,I. Dyulgerov,1510.5
444,Patronato,1208,Primera Nacional,Argentina,,Carlos Rubén Fondacaro,1807.9
1126,Deportivo Pasto,1208,Primera A,Colombia,2026-05-13,N. Gil,1592.0
3874,Panevėžys,1208,A Lyga,Lithuania,2024-08-29,A. Smith,1368.4
1016,Istra 1961,1207,HNL,Croatia,2026-05-23,R. Perić-Komšić,1709.4
2159,Ham-Kam,1207,Eliteserien,Norway,2026-05-29,P. Metcalfe,1442.8
14007,Primorje,1207,1. SNL,Slovenia,2026-05-31,Žan-Luk Leban,1477.9
2276,FC Urartu,1207,Premier League,Armenia,2026-05-27,P. Mogilevets,1324.5
2772,Chonburi FC,1207,Thai League 1,Thailand,2026-05-10,S. Channgom,1368.9
1120,Spartak Trnava,1207,Super Liga,Slovakia,2026-05-16,M. Laušić,1306.4
3453,Maghreb Fès,1206,Botola Pro,Morocco,2026-06-09,H. Afsal,1325.7
421,Den Bosch,1206,Eerste Divisie,Netherlands,2026-05-02,T. van Grunsven,1302.6
204,VVV Venlo,1206,Eerste Divisie,Netherlands,2026-04-24,J. Eijgenraam,1313.5
3872,Kauno Žalgiris,1205,A Lyga,Lithuania,2025-08-14,A. Benchaib,1323.8
321,Lillestrom,1204,Eliteserien,Norway,2026-05-25,L. Ranger,1429.8
685,Torpedo Kutaisi,1204,Erovnuli Liga,Georgia,2025-07-31,Levan Mchedlidze,1531.3
579,Buducnost Podgorica,1204,First League,Montenegro,2026-03-15,M. Milićković,1364.7
851,Cherno More Varna,1202,First League,Bulgaria,2026-05-25,V. Drobarov,1424.3
2572,Club Deportivo Los Chankas,1202,Primera División,Peru,,,
3700,Always Ready,1202,Primera División,Bolivia,,M. Suarez,1550.3
1163,Ilves,1201,Veikkausliiga,Finland,2026-05-30,S. Väisänen,1454.0
1388,Dunfermline,1201,Championship,Scotland,2026-05-15,R. Fraser,1364.0
1430,Arda Kardzhali,1200,First League,Bulgaria,2026-05-25,A. Gospodinov,1340.5
2326,Union La Calera,1200,Primera División,Chile,,H. Sanhueza,1457.1
12867,Stuttgart II,1200,3. Liga,Germany,2026-05-16,J. Majchrzak,1415.1
402,Aalborg,1200,1. Division,Denmark,2026-03-14,Oscar Hiljemark,1395.9
9585,Real Sociedad II,1199,Segunda División,Spain,2026-05-30,Luken Beitia,1490.9
1470,Cucuta,1199,Primera A,Colombia,2026-05-02,J. López,1466.5
125,America Mineiro,1199,Serie B,Brazil,2026-06-08,Humberlito Borges Teixeira,1474.5
2072,Hvidovre,1199,1. Division,Denmark,2026-05-31,L. Prip,1389.6
1957,Racing Cordoba,1198,Primera Nacional,Argentina,,Germán Díaz,1337.9
102,Nancy,1198,Ligue 2,France,2026-05-09,F. Maouassa,1590.8
18762,Libertad,1197,Liga Pro,Ecuador,,M. Milano,1636.3
6224,RWDM,1197,Challenger Pro League,Belgium,2026-04-17,G. Hubert,1409.3
4626,Hamrun Spartans,1197,Premier League,Malta,2026-04-25,Christian Rutjens,1375.5
2324,Universidad de Concepcion,1196,Primera División,Chile,,Hugo Patricio Droguett Diocares,1339.1
2700,Orlando Pirates,1195,Premier Soccer League,South Africa,2026-05-23,S. Chaine,1498.6
1842,Harrogate Town,1195,League Two,England,2026-05-02,J. Slater,1316.5
705,Dinamo Batumi,1195,Erovnuli Liga,Georgia,2024-07-30,O. Azatskyi,1348.6
2555,Sport Huancayo,1194,Primera División,Peru,,Á. Zamudio,1362.7
4225,Surkhon,1194,Super League,Uzbekistan,2024-11-30,J. Esonkulov,1521.4
2170,Gais,1193,Allsvenskan,Sweden,2026-05-30,M. Krasniqi,1510.5
3969,Club Atlético Güemes,1192,Primera Nacional,Argentina,,M. Cardozo,1575.3
21262,Chongqing Tongliang Long,1192,Super League,China,2026-05-30,I. Amadou,1655.9
2769,BG Pathum United,1192,Thai League 1,Thailand,2026-05-10,T. Doi,1436.0
9364,Hoffenheim II,1191,3. Liga,Germany,2026-05-16,Florian Micheler,1296.0
3569,Boluspor,1190,1. Lig,Turkey,2026-05-01,R. Akanbi,1345.1
6219,K. Lierse S.K.,1190,Challenger Pro League,Belgium,2026-04-17,E. Matuta,1322.5
692,Ordabasy,1190,Premier League,Kazakhstan,2025-07-17,Unknown (111734),1492.5
2544,Sport Boys,1189,Primera División,Peru,,L. Peralta,1439.6
4359,Bravo,1188,1. SNL,Slovenia,2026-05-23,I. Mensah,1733.6
3552,Zemplín Michalovce,1186,Super Liga,Slovakia,2026-05-16,N. Mihhailov,1498.2
278,Vikingur Reykjavik,1185,Úrvalsdeild,Iceland,2025-08-14,K. Gunnarsson,1506.0
4201,Balestier Khalsa,1184,Premier League,Singapore,2026-04-27,Unknown (98716),1641.8
4331,Sileks,1184,First League,Macedonia,2026-05-25,Dejan Blagojević,1526.9
5570,Imisli FK,1183,Premyer Liqa,Azerbaijan,2026-05-24,E. Banguera,1325.0
1652,SSV Ulm 1846,1183,3. Liga,Germany,2026-05-16,R. Leipertz,1436.4
14128,Lokeren-Temse,1182,Challenger Pro League,Belgium,2026-04-17,A. Spegelaere,1338.4
2394,Kisvarda FC,1181,NB I,Hungary,2026-05-16,Wellington Nem,1451.0
2656,Cukaricki,1181,Super Liga,Serbia,2026-05-22,S. Mijailović,1475.9
1431,Qingdao Jonoon,1180,Super League,China,2026-05-30,Y. Yeboah,1643.0
3424,Krasava Ypsonas,1180,1. Division,Cyprus,2026-05-17,I. Chebake,1345.4
3548,Podbrezová,1180,Super Liga,Slovakia,2026-05-16,R. Šiler,1316.6
1399,Austria Lustenau,1180,2. Liga,Austria,2026-05-14,D. Schierl,1224.6
1159,Guayaquil City FC,1179,Liga Pro,Ecuador,,Fernando Alexander Guerrero Vásquez,1377.0
649,HJK Helsinki,1178,Veikkausliiga,Finland,2026-05-30,L. Lappalainen,1470.3
6222,Patro Eisden,1177,Challenger Pro League,Belgium,2026-04-27,J. Renson,1259.6
90,Guingamp,1177,Ligue 2,France,2026-05-09,A. Ndour,1361.7
2791,Prachuap,1177,Thai League 1,Thailand,2026-05-10,Édgar Méndez,1366.5
255,Livingston,1176,Premiership,Scotland,2026-05-17,M. McGovern,1452.9
4358,Aluminij,1176,1. SNL,Slovenia,2026-05-23,M. Rožman,1378.0
1381,Tranmere,1175,League Two,England,2026-05-02,L. McGee,1357.2
2619,Cavalry FC,1174,Canadian Premier League,Canada,,B. Kamdem,1356.8
582,Alashkert,1173,Premier League,Armenia,2026-05-02,A. Beglaryan,1304.3
1017,NK Lokomotiva Zagreb,1172,HNL,Croatia,2026-05-23,Tomislav Havojić,1748.0
2355,Plaza Colonia,1172,Primera División - Apertura,Uruguay,2025-06-28,A. Ocampo,1317.1
3505,Gagra,1172,Erovnuli Liga,Georgia,2021-07-15,V. Gvilia,1470.0
673,Sutjeska,1172,First League,Montenegro,2026-03-15,J. Čađenović,1335.6
10244,Seraing United,1171,Challenger Pro League,Belgium,2026-04-17,R. Métanire,1397.5
2117,Fram Reykjavik,1171,Úrvalsdeild,Iceland,,S. Tibbling,1189.7
766,Halmstad,1168,Allsvenskan,Sweden,2026-05-30,E. Tõugjas,1404.6
17760,San Antonio Bulo Bulo,1168,Primera División,Bolivia,,A. Terrazas,1432.6
3840,Bohemians,1167,Premier Division,Ireland,2026-05-29,D. Devoy,1367.4
4224,Dinamo Samarqand,1166,Super League,Uzbekistan,2024-11-30,Unknown (73569),1447.0
4378,Radomlje,1165,1. SNL,Slovenia,2026-05-22,M. Žaper,1488.1
2867,Dibba Al-Fujairah,1164,Pro League,UAE,2026-05-16,Iago Santos,1465.8
423,FC OSS,1164,Eerste Divisie,Netherlands,2026-04-24,Q. Martinus,1280.6
634,Botev Plovdiv,1163,First League,Bulgaria,2026-05-25,E. Rodríguez,1442.5
22218,CODM Meknès,1163,Botola Pro,Morocco,2026-06-09,A. Majid,1315.5
425,Jong Ajax,1163,Eerste Divisie,Netherlands,2026-04-24,J. Heerkens,1333.3
3381,Velež,1163,Premijer Liga,Bosnia,2026-05-26,B. Šerbečić,1322.6
6501,Veres Rivne,1162,Premier League,Ukraine,2026-05-24,A. Kozhukhar,1271.5
4488,Hapoel Petah Tikva,1162,Ligat Ha'al,Israel,2026-05-19,A. Moucketou-Moussounda,1385.3
3477,Kerala Blasters,1162,Indian Super League,India,2026-05-18,K. Peprah,1316.2
1395,Floridsdorfer AC,1162,2. Liga,Austria,2026-05-14,C. Schoissengeyr,1304.4
385,Torpedo Zhodino,1161,Premier League,Belarus,2025-07-31,Andrey Gorbunov,1398.0
424,Helmond Sport,1161,Eerste Divisie,Netherlands,2026-04-24,L. Semić,1355.8
1360,Accrington ST,1161,League Two,England,2026-05-02,B. Crellin,1284.0
3861,Hegelmann Litauen,1161,A Lyga,Lithuania,2025-07-17,N. Kader,1307.7
325,Tromso,1160,Eliteserien,Norway,2026-05-29,L. Olden Larsen,1443.4
4135,Auda,1160,Virsliga,Latvia,2025-07-16,Rafael Silva,1420.9
2266,Cliftonville FC,1160,Premiership,Northern Ireland,2026-04-18,Rory Hale,1362.4
403,Esbjerg,1160,1. Division,Denmark,2026-05-31,Unknown (81760),1449.9
4990,First Vienna,1160,2. Liga,Austria,2026-05-14,S. Auer,1257.6
6026,Hillerød,1159,1. Division,Denmark,2026-05-31,M. Due Grandt,1266.4
4625,Floriana,1159,Premier League,Malta,2026-05-16,G. Kitanov,1348.5
3476,Jamshedpur,1157,Indian Super League,India,2026-05-21,S. Das,1320.4
14651,Ceramica Cleopatra,1157,Premier League,Egypt,2026-05-20,Amr El Soleya,1298.2
16611,Zhenys,1156,Premier League,Kazakhstan,,A. Manaj,1334.0
668,Ballymena United,1156,Premiership,Northern Ireland,2026-04-18,F. Sule,1320.8
3479,NorthEast United,1156,Indian Super League,India,2026-05-19,Guillermo Fernández,1393.6
4676,Kolding IF,1156,1. Division,Denmark,2026-05-31,A. Leifsson,1348.2
276,Breidablik,1156,Úrvalsdeild,Iceland,2025-12-18,Í. Þorvaldsson,1446.0
3740,Mornar,1156,First League,Montenegro,2026-03-15,N. Stijepović,1273.1
22266,Gualberto Villarroel SJ,1155,Primera División,Bolivia,,E. Michelli,1482.6
4197,Mura,1154,1. SNL,Slovenia,2026-05-22,L. Bobičanec,1473.7
5503,Sumqayıt,1154,Premyer Liqa,Azerbaijan,2026-05-22,B. Abdukholikov,1379.4
10169,Atlético Ottawa,1153,Canadian Premier League,Canada,,N. Ingham,1405.2
6220,Liège,1152,Challenger Pro League,Belgium,2026-04-27,J. Belin,1341.7
3830,Forge,1152,Canadian Premier League,Canada,,Dejan Jaković,1333.4
1400,FC Liefering,1152,2. Liga,Austria,2026-05-14,J. Mellberg,1309.5
5490,Kapaz,1151,Premyer Liqa,Azerbaijan,2026-05-23,K. Rosa,1322.9
2564,Atletico Grau,1151,Primera División,Peru,,L. Solís,1297.2
386,Dinamo Brest,1151,Premier League,Belarus,2025-07-17,Aleksandr Demeshko,1644.4
10088,Uthai Thani,1151,Thai League 1,Thailand,2026-05-10,Leandro Ribeiro,1269.6
4221,Qizilqum,1150,Super League,Uzbekistan,2024-11-30,N. Jovanović,1415.9
2771,Chiangrai United,1150,Thai League 1,Thailand,2026-05-10,Guo Tianyu,1384.1
394,Dinamo Minsk,1149,Premier League,Belarus,2025-07-31,Unknown (7909),1364.7
1149,Delfin SC,1148,Liga Pro,Ecuador,,M. Levato,1401.1
87,Amiens,1148,Ligue 2,France,2026-05-09,J. Mlakar,1449.2
3842,Sligo Rovers,1148,Premier Division,Ireland,2026-05-29,S. Blaney,1342.3
1387,Ayr Utd,1148,Championship,Scotland,2026-04-25,L. King,1376.2
371,IF Brommapojkarna,1147,Allsvenskan,Sweden,2026-05-31,M. Hansen,1527.7
2759,Gwangju FC,1147,K League 1,South Korea,2026-05-16,Kim Gyeong-Jae,1519.9
14130,Club Brugge II,1145,Challenger Pro League,Belgium,2026-04-11,A. Garcia,1363.9
2403,Nyiregyhaza,1144,NB I,Hungary,2026-05-15,K. Varga,1386.7
2362,Cerro,1144,Primera División - Apertura,Uruguay,2025-06-28,M. Peralta,1395.1
3412,Ethnikos Achna,1144,1. Division,Cyprus,2026-05-15,J. Cejas,1350.6
3632,Ruh Lviv,1143,Premier League,Ukraine,2026-05-24,Y. Kopyna,1408.4
14146,Posušje,1143,Premijer Liga,Bosnia,2026-05-26,K. Kamenar,1461.2
1462,Deportivo Pereira,1142,Primera A,Colombia,2026-05-03,J. Moya,1396.8
670,Derry City,1142,Premier Division,Ireland,2026-05-29,B. Maher,1362.5
3406,Akritas,1141,1. Division,Cyprus,2026-05-15,B. Manu,1341.3
4213,Mash'al,1139,Super League,Uzbekistan,2021-12-02,Unknown (73578),1505.4
17162,Livyi Bereh,1139,Persha Liga,Ukraine,2026-06-09,R. Zhmurko,1207.8
2745,Bucheon FC 1995,1137,K League 1,South Korea,2026-05-17,Patrick William,1403.2
422,FC Eindhoven,1137,Eerste Divisie,Netherlands,2026-04-24,Y. Mokhtar,1313.0
4633,Zimbru,1136,Super Liga,Moldova,2026-05-10,Josep Gayá,1321.6
2393,Diosgyori VTK,1135,NB I,Hungary,2026-05-16,C. Szatmári,1392.4
977,FUS Rabat,1135,Botola Pro,Morocco,2026-06-08,Z. Azoud,1595.2
2271,Petrocub,1135,Super Liga,Moldova,2026-05-10,R. Abalora,1307.2
4905,Stellenbosch,1134,Premier Soccer League,South Africa,2026-05-23,M. Lebusa,1376.2
1151,Tecnico Universitario,1133,Liga Pro,Ecuador,,C. Pérez,1397.4
2143,KFUM Oslo,1132,Eliteserien,Norway,2026-05-29,D. Hickson,1370.0
1416,Lokomotiv Sofia,1131,First League,Bulgaria,2026-05-22,Jordon Ibe,1316.5
22479,Juan Pablo II College,1131,Primera División,Peru,,N. Loyola,1402.1
3706,Nacional Potosí,1131,Primera División,Bolivia,,Pedro Galindo,1343.3
661,FK Liepaja,1131,Virsliga,Latvia,2024-07-18,A. Zárate,1514.7
2797,Rayong FC,1131,Thai League 1,Thailand,2026-05-10,Bruno Catanhede,1376.1
7177,Odisha,1130,Indian Super League,India,2026-05-21,Pedro Martín,1425.7
19685,KAA Gent II,1129,Challenger Pro League,Belgium,2026-04-17,G. De Meyer,1281.2
1141,Alianza Valledupar,1129,Primera A,Colombia,2026-05-03,J. Chaverra,1313.7
190,Erzgebirge Aue,1129,3. Liga,Germany,2026-05-16,J. Collins,1362.7
380,FC Minsk,1128,Premier League,Belarus,,A. Gutor,1208.1
1404,SKU Amstetten,1128,2. Liga,Austria,2026-05-14,P. Schobesberger,1258.8
3860,Džiugas Telšiai,1128,A Lyga,Lithuania,,K. Šilkaitis,1193.9
973,Hassania Agadir,1127,Botola Pro,Morocco,2026-06-08,A. Mallouki,1525.1
586,FK Zalgiris Vilnius,1127,A Lyga,Lithuania,2025-07-31,P. Bosančić,1452.2
3473,Chennaiyin,1126,Indian Super League,India,2026-05-16,F. Diagne,1351.6
3745,Dečić,1126,First League,Montenegro,2026-05-10,N. Braunović,1304.6
3630,Obolon'-Brovar,1124,Premier League,Ukraine,2026-05-24,P. Polehenko,1332.1
859,Botev Vratsa,1124,First League,Bulgaria,2026-05-22,K. Malinov,1363.7
5351,Dungannon Swifts,1124,Premiership,Northern Ireland,2026-04-18,A. Canning,1276.2
5805,Francs Borains,1123,Challenger Pro League,Belgium,2026-04-17,X. Gies,1268.6
1132,Chico,1123,Primera A,Colombia,2026-05-02,K. Riascos,1282.0
2036,UNA Strassen,1123,National Division,Luxembourg,2026-05-03,Matheus,1260.8
14507,Marsaxlokk,1123,Premier League,Malta,2026-05-16,F. Brener,1305.0
580,Vikingur Gota,1122,Meistaradeildin,Faroe Islands,2025-08-14,A. Svensson,1283.0
3850,Drogheda United,1122,Premier Division,Ireland,2026-05-29,B. Kavanagh,1270.6
3884,Hibernians,1122,Premier League,Malta,2026-03-14,Š. Žužul,1384.5
2410,Kazincbarcikai,1121,NB I,Hungary,2026-05-15,T. Markek,1353.7
2275,Glenavon FC,1121,Premiership,Northern Ireland,2026-04-18,R. Marshall,1281.2
4628,Sliema Wanderers,1121,Premier League,Malta,2026-04-26,Fernando Augusto,1337.1
10430,Imigresen,1120,Super League,Malaysia,2026-05-16,E. Sosa,1334.1
2518,Terengganu,1119,Super League,Malaysia,2026-04-25,M. Konaté,1622.1
3701,Blooming,1119,Primera División,Bolivia,,R. Gómez,1247.5
2172,Degerfors IF,1118,Allsvenskan,Sweden,2026-05-31,B. Hussein,1343.0
2691,Kaizer Chiefs,1118,Premier Soccer League,South Africa,2026-05-23,N. Blom,1462.1
2163,IFK Varnamo,1118,Superettan,Sweden,2025-11-09,F. Voytekhovich,1278.5
1385,Raith Rovers,1118,Championship,Scotland,2026-04-11,E. Wilson,1375.3
2166,Orgryte IS,1117,Allsvenskan,Sweden,2026-05-29,R. Alm,1560.9
272,KA Akureyri,1117,Úrvalsdeild,Iceland,2025-07-31,B. Ingason,1267.5
906,MC Alger,1116,Ligue 1,Algeria,2026-06-05,Z. Ferhat,1351.1
682,NSI Runavik,1116,Meistaradeildin,Faroe Islands,2025-07-17,B. Hendriksson,1321.0
2623,York United,1116,Canadian Premier League,Canada,,Unknown (78437),1498.3
378,IFK Norrkoping,1116,Superettan,Sweden,2025-11-29,D. Mitov Nilsson,1338.2
904,CR Belouizdad,1115,Ligue 1,Algeria,2026-06-05,N. Khacef,1289.8
320,Kristiansund BK,1114,Eliteserien,Norway,2026-05-29,A. Munksgaard,1236.7
2657,Radnik Surdulica,1114,Super Liga,Serbia,2026-05-23,Nemanja Arsenijević,1330.9
5350,Carrick Rangers,1114,Premiership,Northern Ireland,2026-04-18,M. Olosunde,1331.2
332,Sandefjord,1113,Eliteserien,Norway,2026-05-30,C. Eriksson,1403.6
751,Slavia Mozyr,1113,Premier League,Belarus,,A. Makavchik,1324.0
659,Valletta FC,1113,Premier League,Malta,2026-04-26,F. Barrientos,1240.9
757,Aalesund,1111,Eliteserien,Norway,2026-05-29,K. Klaesson,1508.4
26963,SC Delhi,1111,Indian Super League,India,2026-05-21,Rafael Ribeiro,1318.0
1133,Jaguares,1110,Primera A,Colombia,2026-05-02,H. Gómez,1371.3
662,Kalju Nomme,1110,Meistriliiga,Estonia,2025-07-31,M. Tambedou,1308.7
2558,Comerciantes Unidos,1109,Primera División,Peru,,Y. Vílchez,1474.0
902,Ross County,1109,Championship,Scotland,2026-04-25,Rubén Palazuelos,1455.8
1951,Central Norte,1108,Primera Nacional,Argentina,,A. González,1281.8
4554,Kyzyl-Zhar,1108,Premier League,Kazakhstan,2022-08-11,Ruslan Valiullin,1250.7
6572,Lamphun Warrior,1108,Thai League 1,Thailand,2026-05-10,Ricardo Lopes,1453.3
642,Siroki Brijeg,1108,Premijer Liga,Bosnia,2026-05-10,Z. Kožulj,1309.9
1980,Manta FC,1106,Liga Pro,Ecuador,,C. Alemán,1351.9
275,Stjarnan,1106,Úrvalsdeild,Iceland,2024-08-01,S. Caulker,1355.7
975,Olympique Safi,1104,Botola Pro,Morocco,2026-06-08,Z. Belmaachi,1701.6
2517,Kuala Lumpur FA,1103,Super League,Malaysia,2026-05-17,Safawi Rasid,1371.9
2174,Osters IF,1103,Superettan,Sweden,2025-11-09,A. Lindahl,1329.5
2504,Penang,1102,Super League,Malaysia,2026-04-26,S. Brundo,1333.0
1031,AL Masry,1101,Premier League,Egypt,2026-05-20,M. Zeidan,1354.1
4249,Arbroath,1100,Championship,Scotland,2026-05-08,J. Craigen,1288.6
22213,WSPG Wels,1099,2. Liga,Austria,2026-05-14,K. Conté,1235.0
21953,Kudrivka,1098,Premier League,Ukraine,2026-06-09,A. Totovytskyi,1286.9
391,FC Isloch Minsk R.,1098,Premier League,Belarus,2024-07-11,D. Tweh,1301.3
2786,Muangthong United,1098,Thai League 1,Thailand,2026-05-10,J. Billong,1396.6
14441,Yarud Mariupol',1098,Persha Liga,Ukraine,2026-05-23,P. Orikhovskyi,1297.7
1405,Austria Klagenfurt,1098,2. Liga,Austria,2026-05-14,Martin Josef Hinteregger,1624.5
19046,RSC Anderlecht II,1097,Challenger Pro League,Belgium,2026-04-17,T. Foket,1594.3
2539,UTC Cajamarca,1097,Primera División,Peru,,,
4209,Andijan,1096,Super League,Uzbekistan,2025-12-24,S. Erkinov,1451.9
3619,Oleksandria,1095,Premier League,Ukraine,2026-06-09,A. Kozak,1465.8
305,Mito Hollyhock,1095,J1 League,Japan,2026-06-06,S. Inoue,1278.9
18051,Kanchanaburi,1093,Thai League 1,Thailand,2026-05-10,A. Kumar,1384.5
2277,Birkirkara,1092,Premier League,Malta,2026-04-11,A. Sandoná,1326.1
1147,Fortaleza FC,1091,Primera A,Colombia,2026-05-03,S. Navarro,1398.6
4565,Irtysh,1091,Premier League,Kazakhstan,,Unknown (111425),1154.2
615,NK Domzale,1088,1. SNL,Slovenia,2025-12-05,Felipe Felício,1440.1
389,FC Gomel,1088,Premier League,Belarus,2022-07-27,Unknown (76468),1299.9
2082,Gnistan,1088,Veikkausliiga,Finland,2026-05-30,Á. Craninx,1271.3
3851,Galway United,1087,Premier Division,Ireland,2026-05-29,G. Cunningham,1337.7
3741,Petrovac,1087,First League,Montenegro,2026-05-10,N. Belaković,1251.0
22153,Bashkimi Kumanovo,1086,First League,Macedonia,2026-05-24,E. Lichina,1289.4
3870,Šiauliai,1085,A Lyga,Lithuania,2024-07-18,Algis Jankauskas,1263.8
2262,Dinamo Tbilisi,1084,Erovnuli Liga,Georgia,2024-07-18,Ó. Santis,1374.9
3858,Banga,1084,A Lyga,Lithuania,2025-07-31,Zé Eduardo,1180.0
4560,Zhetysu,1083,Premier League,Kazakhstan,,Unknown (73615),1450.1
3625,Inhulets,1083,Persha Liga,Ukraine,2026-05-23,Bohdan Shust,1231.3
6221,Olympic Charleroi,1082,Challenger Pro League,Belgium,2026-04-05,N. De Medina,1318.7
5000,Austria Salzburg,1082,2. Liga,Austria,2026-05-08,F. Windhager,1278.6
811,Helsingborg,1082,Superettan,Sweden,2025-11-08,A. Granqvist,1359.0
20252,Real Oruro,1080,Primera División,Bolivia,,L. Vila,1229.0
15708,Real Tomayapo,1079,Primera División,Bolivia,,J. Orellana,1349.0
4211,Buxoro,1079,Super League,Uzbekistan,2023-12-01,Unknown (103674),1601.6
5348,Portadown,1078,Premiership,Northern Ireland,2026-04-18,A. McCarey,1339.9
1164,Inter Turku,1078,Veikkausliiga,Finland,2026-05-30,B. Straalman,1332.5
4552,Kaspiy,1076,Premier League,Kazakhstan,,R. Mingazow,1158.8
14437,Metal Kharkiv,1076,Persha Liga,Ukraine,2026-05-26,Ruslan Fomin,1288.9
4133,HB Torshavn,1075,Meistaradeildin,Faroe Islands,2025-07-31,,
15847,Atert Bissen,1072,National Division,Luxembourg,2026-05-03,M. Terki,1355.1
6004,Aarhus Fremad,1071,1. Division,Denmark,2026-05-09,Luka Callø,1225.1
974,Ittihad Tanger,1070,Botola Pro,Morocco,2026-06-08,J. Daoudi,1337.2
3449,CR Khemis Zemamra,1070,Botola Pro,Morocco,2026-06-09,A. El Barki,1608.5
2803,Ayutthaya FC,1070,Thai League 1,Thailand,2026-05-10,Baek Sung-Dong,1205.7
983,CS Sfaxien,1070,Ligue 1,Tunisia,2026-05-14,A. Maâloul,1433.2
658,Progres Niederkorn,1070,National Division,Luxembourg,2026-05-03,T. Vion,1336.2
693,Pelister,1069,First League,Macedonia,2026-05-31,S. Kostov,1640.9
612,Suduva Marijampole,1069,A Lyga,Lithuania,2022-07-28,Renan Oliveira,1463.9
858,Lokomotiv Plovdiv,1068,First League,Bulgaria,2026-05-29,P. Stępiński,1344.9
18657,Laagri,1068,Meistriliiga,Estonia,,K. Vallner,1478.1
4348,Tikveš,1066,First League,Macedonia,2026-05-25,S. Tasev,1278.0
22595,Inter Kashi,1066,Indian Super League,India,2026-05-21,P. Das,1279.9
6009,B 93,1066,1. Division,Denmark,2026-05-23,J. Okore,1406.6
2621,HFX Wanderers FC,1065,Canadian Premier League,Canada,,D. Henry,1310.8
3637,Aurora,1063,Primera División,Bolivia,,C. Sejas,1345.9
3704,Guabirá,1060,Primera División,Bolivia,,M. Gómez,1275.5
2351,CA River Plate,1059,Primera División - Apertura,Uruguay,2025-06-30,J. Barboza,1239.1
8247,Rapid Wien II,1058,2. Liga,Austria,2026-05-14,Tobias  Knoflach,1360.4
10108,Kuching FA,1056,Super League,Malaysia,2026-05-17,Arif Fadzilah Abu Bakar,1411.1
910,USM Alger,1055,Ligue 1,Algeria,2026-06-06,H. Ghacha,1281.8
2264,Gzira United,1055,Premier League,Malta,2026-04-26,Maxuell Samurai,1177.6
19753,Aresimi,1054,First League,Macedonia,2026-05-15,S. Shefiti,1250.5
4558,Okzhetpes,1054,Premier League,Kazakhstan,,Joseph Nane,1223.1
9342,Havelse,1054,3. Liga,Germany,2026-05-16,J. Düker,1213.2
1019,Rudes,1053,HNL,Croatia,,Leonard Mesarić,1628.1
19045,KRC Genk II,1053,Challenger Pro League,Belgium,2026-04-17,Kang Min-Woo,1326.8
2077,AC Oulu,1053,Veikkausliiga,Finland,2026-05-31,R. Karjalainen,1313.0
627,Qabala,1052,Premyer Liqa,Azerbaijan,2026-05-09,S. Keita,1260.0
14806,UTS Rabat,1052,Botola Pro,Morocco,2026-06-09,M. Fouzair,1534.0
2669,Amazulu,1051,Premier Soccer League,South Africa,2026-05-23,R. Hanamub,1253.9
408,Hobro,1051,1. Division,Denmark,2026-04-26,Babajide Ogunbiyi,1278.1
3707,Oriente Petrolero,1049,Primera División,Bolivia,,R. Centurión,1469.7
697,Crusaders FC,1048,Premiership,Northern Ireland,2026-04-28,J. Callacher,1280.0
4194,Akademija Pandev,1047,First League,Macedonia,2026-05-31,S. Naumcheski,1314.3
21010,Ulytau,1047,Premier League,Kazakhstan,,S. Keiler,1195.4
4202,DPMM FC Brunei,1045,Super League,Malaysia,2026-05-09,J. Murray,1243.6
2274,Trans Narva,1045,Meistriliiga,Estonia,2023-07-20,A. Matrossov,1134.1
666,Şamaxı FK,1044,Premyer Liqa,Azerbaijan,2026-05-16,Ricardo Fernandes,1124.5
334,Start,1042,Eliteserien,Norway,2026-05-29,M. Soomets,1313.2
25058,Yacoub El Mansour,1040,Botola Pro,Morocco,2026-06-09,Z. Fati,1226.0
15537,Sekhukhune United,1040,Premier Soccer League,South Africa,2026-05-23,R. Coetzee,1436.1
691,Milsami Orhei,1040,Super Liga,Moldova,2026-04-26,V. Posmac,1218.8
578,F91 Dudelange,1040,National Division,Luxembourg,2026-05-17,Manuel Marouan da Costa Trindade Senoussi,1367.3
4627,Mosta,1039,Premier League,Malta,2026-04-19,K. Yamazaki,1428.1
357,GAP Connah S Quay FC,1039,Premier League,Wales,2026-04-03,H. Franklin,1189.7
2505,Sabah FA,1038,Super League,Malaysia,2026-05-09,T. Puchacz,1668.0
14864,Spaeri,1038,Erovnuli Liga,Georgia,2025-07-31,D. Skhirtladze,1195.2
15570,National Bank of Egypt,1038,Premier League,Egypt,2026-05-29,Ayman Ashraf,1263.1
689,SJK,1038,Veikkausliiga,Finland,2026-05-30,Murilo,1296.0
4562,Kaisar,1035,Premier League,Kazakhstan,2020-09-17,O. N'Diaye,1289.7
964,Difaa EL Jadida,1034,Botola Pro,Morocco,2026-06-08,M. Kaaouach,1330.3
18878,TransINVEST Vilnius,1034,A Lyga,Lithuania,2024-08-01,A. Levšin,1176.3
4208,Young Lions,1033,Premier League,Singapore,2026-05-16,I. Mahbud,1450.7
971,Kawkab Marrakech,1033,Botola Pro,Morocco,2026-06-09,O. Mahrous,1260.4
388,Bate Borisov,1032,Premier League,Belarus,2023-08-31,D. Shcherbitskiy,1408.8
2690,Golden Arrows,1032,Premier Soccer League,South Africa,2026-05-23,M. Mbaeva,1470.9
10017,Samgurali,1032,Erovnuli Liga,Georgia,,Jefinho,1176.8
387,Neman,1031,Premier League,Belarus,2025-08-28,G. Alykulov,1332.5
382,FC Vitebsk,1031,Premier League,Belarus,2019-07-18,Maksym Feshchuk,1123.0
2037,US Mondorf-les-bains,1031,National Division,Luxembourg,2026-05-03,S. Daham,1191.8
1046,Wadi Degla,1030,Premier League,Egypt,2026-05-28,F. Boli,1406.2
412,MVV,1029,Eerste Divisie,Netherlands,2026-04-24,L. Schenk,1171.4
3620,Ahrobiznes Volochysk,1028,Persha Liga,Ukraine,2026-06-09,T. Puchkovskyi,1227.6
1401,SV Kapfenberg,1028,2. Liga,Austria,2026-05-14,D. Heindl,1299.4
20881,Vancouver FC,1027,Canadian Premier League,Canada,,G. Sandoval,1286.2
6778,Queen's Park,1026,Championship,Scotland,2026-04-25,E. Murray,1107.9
2175,IK brage,1025,Superettan,Sweden,2025-11-08,G. Berggren,1090.0
1041,Petrojet,1023,Premier League,Egypt,2026-05-28,Samir Mohamed,1178.5
26299,Siwelele,1022,Premier Soccer League,South Africa,2026-05-23,Buhlebuyeza Wilson Mkhwanazi,1187.7
268,IBV Vestmannaeyjar,1018,Úrvalsdeild,Iceland,2018-07-19,Kundai Leroy Jeremiah Benyu,1188.2
8251,Sturm Graz II,1017,2. Liga,Austria,2026-05-14,N. Stošić,1250.4
3525,Vaprus,1016,Meistriliiga,Estonia,,M. Seppik,1243.5
3359,Radnik Bijeljina,1016,Premijer Liga,Bosnia,2026-05-22,K. Cheshmedzhiev,1332.3
1383,Morton,1013,Championship,Scotland,2026-04-25,O. Moffat,1236.4
11112,Bangor,1012,Premiership,Northern Ireland,2026-04-18,S. Fallon,1412.1
2063,HB Koge,1012,1. Division,Denmark,2026-05-24,Jonathon Patrick Flanagan,1398.8
584,Dundalk,1012,Premier Division,Ireland,2026-05-29,T. Wilson,1341.7
1121,Vorskla Poltava,1009,Persha Liga,Ukraine,2026-05-30,Oleksandr Romanchuk,1477.6
4668,Airdrie United,1009,Championship,Scotland,2026-05-05,A. Devine,1406.7
3748,Jezero,1009,First League,Montenegro,2026-05-10,M. Perović,1139.7
650,VPS,1007,Veikkausliiga,Finland,2026-05-30,J. Turfkruier,1267.7
271,KR Reykjavik,1006,Úrvalsdeild,Iceland,2022-07-14,Michael Præst Møller,1416.5
992,US Monastirienne,1005,Ligue 1,Tunisia,2026-05-14,A. Mohamed,1181.4
270,FH hafnarfjordur,1005,Úrvalsdeild,Iceland,2021-07-29,M. Beck,1137.2
2176,Landskrona BoIS,1005,Superettan,Sweden,2025-11-08,F. Sachpekidis,1207.6
6286,Van,1004,Premier League,Armenia,2026-05-02,H. Bukhal,1188.5
4564,Atyrau,1002,Premier League,Kazakhstan,,Pedro Eugénio,1473.2
4544,Altay,1000,Premier League,Kazakhstan,,F. Çil,1335.5
13847,Meshakhte,1000,Erovnuli Liga,Georgia,,E. Parkinashvili,1076.6
15702,Independiente Petrolero,999,Primera División,Bolivia,,R. Gómez,1314.4
1572,Al Ittihad,999,Premier League,Egypt,2026-05-29,Abdallah Naseeb,1524.8
2030,Racing FC Union Luxembourg,999,National Division,Luxembourg,2026-05-17,A. Delferrière,1195.5
4605,Naxxar Lions,999,Premier League,Malta,2026-04-26,D. Letherby,1136.7
3631,Prykarpattia,997,Persha Liga,Ukraine,2026-05-23,Y. Romanyuk,1266.4
1168,Turku PS,996,Veikkausliiga,Finland,2026-05-30,L. Ivanovic,1155.1
2171,Varbergs BoIS FC,996,Superettan,Sweden,2025-11-08,Junes Barny,1203.7
24757,Durban City,995,Premier Soccer League,South Africa,2026-05-23,T. Mashego,1325.6
2860,Austria Vienna (Am),995,2. Liga,Austria,2026-05-14,W. Vorsager,1235.3
7520,Masr,994,Premier League,Egypt,2026-05-29,P. Mutumosi,1267.7
14433,Chernihiv,993,Persha Liga,Ukraine,2026-05-26,D. Bezborodko,1239.0
17762,Universitario de Vinto,990,Primera División,Bolivia,,Rafinha,1252.7
13223,Viktoriya Mykolaivka,990,Persha Liga,Ukraine,2026-05-23,O. Vasylyev,1169.5
4622,Zabbar St. Patrick,990,Premier League,Malta,2026-05-05,K. Keqi,1176.8
2502,Negeri Sembilan,988,Super League,Malaysia,2026-05-16,Y. Hirano,1275.0
2783,Sukhothai FC,988,Thai League 1,Thailand,2026-05-10,Rafael Galhardo,1427.0
2039,Rodange 91,988,National Division,Luxembourg,2026-05-03,A. Skenderovic,1156.0
2622,Pacific FC,987,Canadian Premier League,Canada,,Marcel de Jong,1161.3
856,Septemvri Sofia,985,First League,Bulgaria,2026-05-28,M. Stamatov,1242.8
17743,ABB,985,Primera División,Bolivia,,E. Taborga,1185.7
3575,Hatayspor,984,1. Lig,Turkey,2026-05-01,F. Ghoulam,1427.1
1166,Lahti,984,Veikkausliiga,Finland,2026-05-30,Y. Cassubie,1268.2
2500,Pdrm,983,Super League,Malaysia,2026-05-17,I. Olusegun,1193.1
3845,Waterford,983,Premier Division,Ireland,2026-05-29,K. Long,1422.8
8504,Sloga Doboj,980,Premijer Liga,Bosnia,2026-05-26,R. Boakye,1399.0
1635,FC Schweinfurt 05,979,3. Liga,Germany,2026-05-16,Winners Osawe,1207.3
990,ES Sahel,978,Ligue 1,Tunisia,2026-05-14,N. Hnid,1258.4
356,Caernarfon Town,977,Premier League,Wales,2026-04-03,Bradley Jamie Ethan Young,1257.7
17165,SK Poltava,976,Premier League,Ukraine,2026-05-23,O. Pyatov,1182.1
988,Club Africain,975,Ligue 1,Tunisia,2026-05-14,M. Zemzemi,1164.9
3399,Enosis,973,1. Division,Cyprus,2026-05-17,M. Kuster,1294.7
21957,UCSA,973,Persha Liga,Ukraine,2026-05-23,R. Debelko,1469.8
678,B36 Torshavn,972,Meistaradeildin,Faroe Islands,2024-07-17,H. Vatnsdal,1345.7
1037,Enppi,971,Premier League,Egypt,2026-05-05,Kahraba,1329.0
9419,Arsenal,968,Premier League,Belarus,,David Raya,2315.5
638,FK Trakai,966,A Lyga,Lithuania,2020-09-17,L. Koberidze,1200.9
6493,Nyva Ternopil,965,Persha Liga,Ukraine,2026-05-23,V. Gudyma,1396.3
827,IA Akranes,963,Úrvalsdeild,Iceland,,J. Gemmer,1138.2
373,GIF Sundsvall,963,Superettan,Sweden,2025-11-08,R. Lindkvist,1125.0
376,Ostersunds FK,962,Superettan,Sweden,2025-11-08,R. Forsell,1138.8
918,JS Kabylie,960,Ligue 1,Algeria,2026-06-05,B. Messaoudi,1429.3
854,Slavia Sofia,955,First League,Bulgaria,2026-05-22,K. Stoyanov,1213.6
365,Orebro SK,955,Superettan,Sweden,2025-11-23,J. Baffoe,1210.5
10567,Richards Bay,953,Premier Soccer League,South Africa,2026-05-23,S. Magoola,1227.1
8259,Schwarz-Weiß Bregenz,953,2. Liga,Austria,2026-05-14,D. Nussbaumer,1195.2
6495,Podillya Khmelnytskyi,952,Persha Liga,Ukraine,2026-05-30,Y. Kozyrenko,1261.9
3501,Rustavi,952,Erovnuli Liga,Georgia,,D. Kvirkvelia,1159.1
5611,Colwyn Bay,950,Premier League,Wales,2026-04-03,R. Astles,1283.3
750,Naftan,949,Premier League,Belarus,,D. Dinga,1247.4
6697,Sandviken,948,Superettan,Sweden,2025-11-08,J. Arvidsson,1044.6
3742,Arsenal Tivat,948,First League,Montenegro,2026-03-15,L. Pecelj,1137.6
6253,AS Soliman,947,Ligue 1,Tunisia,2026-05-14,M. Ben Chérifia,1166.1
10368,AS Marsa,942,Ligue 1,Tunisia,2026-05-12,S. Mestari,1044.8
2034,AS Jeunesse Esch,942,National Division,Luxembourg,2026-05-17,A. Amodio,1101.8
11674,Oddevold,940,Superettan,Sweden,2025-11-08,A. Ejupi,1199.0
1044,Smouha SC,939,Premier League,Egypt,2026-05-20,O. Ajayi,1233.0
2773,Nakhon Ratchasima FC,938,Thai League 1,Thailand,2026-05-10,J. Gallagher,1275.2
2035,UN Kaerjeng 97,938,National Division,Luxembourg,2026-05-17,L. Gerson,1132.1
3526,Kuressaare,936,Meistriliiga,Estonia,,K. Nõmm,1085.2
3530,Tammeka,934,Meistriliiga,Estonia,,Mait Toom,1225.3
4149,BFC Daugavpils,933,Virsliga,Latvia,2025-07-17,A. Zjuzins,1098.3
16431,Future FC,933,Premier League,Egypt,2026-05-29,Mohamed Abou Gabal,1126.2
3377,Rudar Prijedor,932,Premijer Liga,Bosnia,2026-05-26,Dani Romera,1258.2
8074,TS Galaxy,931,Premier Soccer League,South Africa,2026-05-23,Karabo Tshepe,1462.6
1574,El Gouna FC,931,Premier League,Egypt,2026-05-28,Kim Han-Seo,1249.9
1575,El Mokawloon,931,Premier League,Egypt,2026-05-29,Mohamed Adel,1241.5
688,Gandzasar,929,Premier League,Armenia,2026-05-27,V. Minasyan,1124.8
5627,Metalurh Zaporizhya,926,Persha Liga,Ukraine,2026-06-02,Vitali Rudenko,1390.8
4660,Spartak Varna,924,First League,Bulgaria,2026-05-22,C. Ilić,1189.1
2693,Polokwane City,921,Premier Soccer League,South Africa,2026-05-16,R. Ndou,1522.8
3744,Bokelj,921,First League,Montenegro,2026-05-10,D. Šipovac,1134.0
2698,Chippa United,919,Premier Soccer League,South Africa,2026-05-23,B. Kama,1572.8
6042,Middelfart,919,1. Division,Denmark,2026-05-23,R. Kakeeto,1180.1
3384,Belshina,918,Premier League,Belarus,,Unknown (76528),1699.2
16749,Mladost DG,918,First League,Montenegro,2026-05-10,K. Vulaj,1067.1
2191,Penybont,915,Premier League,Wales,2026-04-03,G. Kircough,1091.9
19999,Magesi,913,Premier Soccer League,South Africa,2026-06-03,R. Manzini,1260.8
21038,Melaka,910,Super League,Malaysia,2026-05-16,Samuel Jacob Somerville,1267.0
2173,Norrby IF,910,Superettan,Sweden,2025-11-23,A. Yusuf,985.9
907,MC Oran,908,Ligue 1,Algeria,2026-04-03,M. Zeghba,1504.0
4186,B68,903,Meistaradeildin,Faroe Islands,,M. Klein,1095.9
269,Keflavik,899,Úrvalsdeild,Iceland,,O. Kovtun,1029.6
24568,Probiy Horodenka,898,Persha Liga,Ukraine,2026-05-23,A. Lyashenko,1195.9
13819,Ghazl El Mehalla,898,Premier League,Egypt,2026-05-29,Ahmed Hakam,1044.4
11907,Swift Hesperange,898,National Division,Luxembourg,2026-05-03,B. Nouvier,1299.7
384,FC Dnepr Mogilev,896,Premier League,Belarus,,A. Shepelev,1365.8
20458,Kahraba Ismailia,896,Premier League,Egypt,2026-05-29,M. Abouzraa,1035.5
2038,Victoria Rosport,896,National Division,Luxembourg,2026-05-17,J. Dossou,1221.4
3747,Jedinstvo,896,First League,Montenegro,2026-05-10,A. Cvijović,1025.4
361,Barry Town,896,Premier League,Wales,2026-04-26,L. Lucas,1005.4
812,Falkenbergs FF,894,Superettan,Sweden,2025-11-08,K. Kizito,1071.2
11239,Karvan,888,Premyer Liqa,Azerbaijan,2026-05-24,S. Durrant,1047.0
14008,CSF Bălți,885,Super Liga,Moldova,2026-04-05,M. Plătică,1096.5
905,ES Setif,882,Ligue 1,Algeria,2026-04-05,M. Salifu,1191.4
2682,Marumo Gallants,878,Premier Soccer League,South Africa,2026-05-23,D. Ndlovu,1259.4
587,Mariehamn,875,Veikkausliiga,Finland,2026-05-30,A. Muskwe,1310.2
10752,Khenchela,873,Ligue 1,Algeria,2026-04-05,I. Bakir,1001.4
18834,FS Jelgava,871,Virsliga,Latvia,,M. Hašek,1230.8
4177,EB / Streymur,871,Meistaradeildin,Faroe Islands,,B. Dabo,1085.4
4144,Tukums,870,Virsliga,Latvia,,M. Kuchynskyi,1180.3
6279,BKMA,866,Premier League,Armenia,2026-05-17,A. Nersesyan,1043.8
984,ES Metlaoui,865,Ligue 1,Tunisia,2026-05-14,,
4174,07 Vestur,865,Meistaradeildin,Faroe Islands,,F. Holst,1344.1
981,CA Bizertin,864,Ligue 1,Tunisia,2026-05-13,M. Nourani,1228.7
1039,El Geish,864,Premier League,Egypt,2026-05-28,Francis Kazadi Kasengu,1190.8
15585,Mohammedan,863,Indian Super League,India,2026-05-19,F. Ogier,1134.5
10582,Orbit College,855,Premier Soccer League,South Africa,2026-05-23,B. Onyango,1296.7
1576,Haras El Hodood,852,Premier League,Egypt,2026-05-29,Kouassi Kouadja,1361.1
10077,Tanjong Pagar,849,Premier League,Singapore,2026-05-18,Unknown (98600),1441.9
10780,Olympique Akbou,849,Ligue 1,Algeria,2026-04-28,O. Darfalou,1358.1
2040,US Hostert,849,National Division,Luxembourg,2026-05-17,Guy-Roland N'Dy Assembé,1011.5
1070,Mostaganem,847,Ligue 1,Algeria,2026-04-05,M. Zeffane,1332.4
10107,Kelantan United,846,Super League,Malaysia,2026-05-16,Ilham Amirullah Razali,1382.2
911,CS Constantine,842,Ligue 1,Algeria,2026-04-03,D. Bizimana,1299.0
15736,Pharco,839,Premier League,Egypt,2026-05-28,Z. El Moutaraji,1373.1
4629,Tarxien Rainbows,839,Premier League,Malta,2026-05-05,Jonata,1219.5
914,JS Saoura,832,Ligue 1,Algeria,2026-04-05,H. Selmi,1114.1
989,ES Zarzis,826,Ligue 1,Tunisia,2026-05-13,D. Nyengue,908.8
2075,FF Jaro,816,Veikkausliiga,Finland,2026-05-31,M. Kusu,1059.9
4138,Grobiņa,812,Virsliga,Latvia,,V. Lazarevs,1009.6
3682,Ararat,811,Premier League,Armenia,2026-05-19,Lukman Haruna Abdulkarim,1573.9
10059,Nõmme United,807,Meistriliiga,Estonia,,I. García,998.0
2032,Union Titus Petange,802,National Division,Luxembourg,2026-05-03,K. Tekiela,1177.4
991,Stade Tunisien,801,Ligue 1,Tunisia,2026-05-03,M. Sahraoui,950.8
10625,Olympique Béja,798,Ligue 1,Tunisia,2026-05-14,,
15882,Mamer,793,National Division,Luxembourg,2026-05-03,L. Rapaille,832.4
3686,Shirak,792,Premier League,Armenia,2026-05-18,Spasoje Stefanović,1729.5
931,ASO Chlef,788,Ligue 1,Algeria,2026-04-05,I. Farhi Benhalima,1018.5
1030,Ismaily SC,783,Premier League,Egypt,2026-05-28,Unknown (550411),1416.8
3563,Adana Demirspor,777,1. Lig,Turkey,2026-05-01,G. İnler,1406.8
4143,Super Nova,777,Virsliga,Latvia,,E. Emsis,1163.8
986,US Ben Guerdane,761,Ligue 1,Tunisia,2026-05-14,G. Abderrazek,955.8
2029,Jeunesse Canach,747,National Division,Luxembourg,2026-05-03,M. Deville,873.6
993,JS Kairouanaise,728,Ligue 1,Tunisia,2026-05-14,Abdoulaye Kanou,983.4
2265,Shkupi 1927,722,First League,Macedonia,2026-05-24,B. Sheji,1487.9
10792,Ben Aknoun,719,Ligue 1,Algeria,2026-04-05,Abderrahmane Hachoud,938.4
915,Paradou AC,708,Ligue 1,Algeria,2026-04-05,T. Moussaoui,989.6
5375,Dacia-Buiucani,651,Super Liga,Moldova,2026-05-03,A. Pătraş,895.9
26115,Politehnica UTM,649,Super Liga,Moldova,2025-11-30,R. Lucian,853.4
4184,AB,636,Meistaradeildin,Faroe Islands,,S. Lebus,1135.8
4191,Skála,626,Meistaradeildin,Faroe Islands,,Unknown (83139),932.0
10777,MB Rouisset,617,Ligue 1,Algeria,2026-04-03,K. Merzougui,832.4
10743,El Bayadh,615,Ligue 1,Algeria,2026-04-05,,
5380,Spartanii Selemet,543,Super Liga,Moldova,2025-11-30,A. Dedov,990.9
987,AS Gabes,433,Ligue 1,Tunisia,2026-05-13,,
